-- ============================================================
-- Base de datos local para el proyecto Demanda_Aulas_Matrícula_IA
-- Contiene 1200 registros semilla y una vista compatible con la app.
-- ============================================================
SET NAMES utf8mb4;
CREATE DATABASE IF NOT EXISTS demanda_aulas_matricula_ia
  CHARACTER SET utf8mb4
  COLLATE utf8mb4_unicode_ci;
USE demanda_aulas_matricula_ia;

SET FOREIGN_KEY_CHECKS = 0;
DROP VIEW IF EXISTS vw_dataset_prediccion_aulas;
DROP TABLE IF EXISTS demanda_matricula;
DROP TABLE IF EXISTS horarios;
DROP TABLE IF EXISTS aulas;
DROP TABLE IF EXISTS docentes;
DROP TABLE IF EXISTS cursos;
DROP TABLE IF EXISTS periodos;
SET FOREIGN_KEY_CHECKS = 1;

CREATE TABLE periodos (
  id_periodo INT AUTO_INCREMENT PRIMARY KEY,
  codigo_periodo VARCHAR(10) NOT NULL UNIQUE
) ENGINE=InnoDB DEFAULT CHARSET=utf8mb4 COLLATE=utf8mb4_unicode_ci;

CREATE TABLE cursos (
  id_curso_dim INT AUTO_INCREMENT PRIMARY KEY,
  codigo_curso_fuente INT NOT NULL,
  nombre_curso VARCHAR(100) NOT NULL,
  ciclo_relativo TINYINT UNSIGNED NOT NULL,
  creditos_curso TINYINT UNSIGNED NOT NULL,
  cursos_comun TINYINT(1) NOT NULL,
  UNIQUE KEY uq_curso_nombre (nombre_curso),
  KEY idx_codigo_curso_fuente (codigo_curso_fuente)
) ENGINE=InnoDB DEFAULT CHARSET=utf8mb4 COLLATE=utf8mb4_unicode_ci;

CREATE TABLE docentes (
  id_docente INT PRIMARY KEY,
  nombre_docente VARCHAR(100) NULL
) ENGINE=InnoDB DEFAULT CHARSET=utf8mb4 COLLATE=utf8mb4_unicode_ci;

CREATE TABLE aulas (
  id_aula_dim INT AUTO_INCREMENT PRIMARY KEY,
  codigo_aula_fuente INT NOT NULL,
  capacidad_aula SMALLINT UNSIGNED NOT NULL,
  pabellon CHAR(1) NOT NULL,
  KEY idx_aula_combo (codigo_aula_fuente, capacidad_aula, pabellon),
  KEY idx_codigo_aula_fuente (codigo_aula_fuente)
) ENGINE=InnoDB DEFAULT CHARSET=utf8mb4 COLLATE=utf8mb4_unicode_ci;

CREATE TABLE horarios (
  id_horario INT AUTO_INCREMENT PRIMARY KEY,
  horario_seccion VARCHAR(20) NOT NULL UNIQUE
) ENGINE=InnoDB DEFAULT CHARSET=utf8mb4 COLLATE=utf8mb4_unicode_ci;

CREATE TABLE demanda_matricula (
  id_registro INT AUTO_INCREMENT PRIMARY KEY,
  id_periodo INT NOT NULL,
  id_curso_dim INT NOT NULL,
  id_docente INT NOT NULL,
  id_aula_dim INT NOT NULL,
  id_horario INT NOT NULL,
  docente_disponible TINYINT(1) NOT NULL,
  alumnos_nuevos SMALLINT UNSIGNED NOT NULL,
  alumnos_prerrequisito SMALLINT UNSIGNED NOT NULL,
  alumnos_repitentes SMALLINT UNSIGNED NOT NULL,
  veces_llevado TINYINT UNSIGNED NOT NULL,
  carga_academica_proyectada TINYINT UNSIGNED NOT NULL,
  duracion_semanas TINYINT UNSIGNED NOT NULL,
  laboratorio TINYINT(1) NOT NULL,
  tiempo_matricula_min SMALLINT UNSIGNED NOT NULL,
  alumnos_matriculados SMALLINT UNSIGNED NOT NULL,
  CONSTRAINT fk_demanda_periodo FOREIGN KEY (id_periodo) REFERENCES periodos(id_periodo),
  CONSTRAINT fk_demanda_curso FOREIGN KEY (id_curso_dim) REFERENCES cursos(id_curso_dim),
  CONSTRAINT fk_demanda_docente FOREIGN KEY (id_docente) REFERENCES docentes(id_docente),
  CONSTRAINT fk_demanda_aula FOREIGN KEY (id_aula_dim) REFERENCES aulas(id_aula_dim),
  CONSTRAINT fk_demanda_horario FOREIGN KEY (id_horario) REFERENCES horarios(id_horario),
  KEY idx_demanda_periodo (id_periodo),
  KEY idx_demanda_curso (id_curso_dim),
  KEY idx_demanda_docente (id_docente),
  KEY idx_demanda_aula (id_aula_dim),
  KEY idx_demanda_horario (id_horario)
) ENGINE=InnoDB DEFAULT CHARSET=utf8mb4 COLLATE=utf8mb4_unicode_ci;

INSERT INTO periodos (id_periodo, codigo_periodo) VALUES
(1, '2021-1'),
(2, '2021-2'),
(3, '2022-1'),
(4, '2022-2'),
(5, '2023-1'),
(6, '2023-2'),
(7, '2024-1'),
(8, '2024-2'),
(9, '2025-1'),
(10, '2025-2');

INSERT INTO cursos (id_curso_dim, codigo_curso_fuente, nombre_curso, ciclo_relativo, creditos_curso, cursos_comun) VALUES
(1, 124, 'Curso_0', 4, 3, 0),
(2, 175, 'Curso_1', 4, 4, 1),
(3, 186, 'Curso_2', 2, 4, 1),
(4, 185, 'Curso_3', 6, 3, 1),
(5, 184, 'Curso_4', 2, 2, 1),
(6, 126, 'Curso_5', 7, 2, 1),
(7, 156, 'Curso_6', 3, 4, 0),
(8, 130, 'Curso_7', 3, 3, 0),
(9, 105, 'Curso_8', 5, 4, 0),
(10, 190, 'Curso_9', 3, 3, 0),
(11, 139, 'Curso_10', 2, 2, 0),
(12, 197, 'Curso_11', 9, 3, 0),
(13, 111, 'Curso_12', 2, 2, 1),
(14, 152, 'Curso_13', 2, 3, 1),
(15, 170, 'Curso_14', 8, 4, 0),
(16, 109, 'Curso_15', 9, 2, 1),
(17, 144, 'Curso_16', 7, 4, 0),
(18, 116, 'Curso_17', 3, 4, 0),
(19, 125, 'Curso_18', 9, 2, 1),
(20, 184, 'Curso_19', 3, 2, 1),
(21, 191, 'Curso_20', 5, 4, 0),
(22, 161, 'Curso_21', 9, 4, 1),
(23, 145, 'Curso_22', 3, 4, 0),
(24, 163, 'Curso_23', 7, 4, 0),
(25, 101, 'Curso_24', 1, 2, 0),
(26, 153, 'Curso_25', 4, 2, 0),
(27, 164, 'Curso_26', 4, 4, 0),
(28, 150, 'Curso_27', 7, 3, 1),
(29, 152, 'Curso_28', 8, 3, 0),
(30, 135, 'Curso_29', 1, 2, 1),
(31, 125, 'Curso_30', 5, 4, 0),
(32, 128, 'Curso_31', 7, 4, 1),
(33, 120, 'Curso_32', 4, 2, 0),
(34, 110, 'Curso_33', 4, 3, 1),
(35, 139, 'Curso_34', 4, 3, 0),
(36, 110, 'Curso_35', 6, 3, 0),
(37, 135, 'Curso_36', 7, 2, 1),
(38, 158, 'Curso_37', 2, 3, 1),
(39, 138, 'Curso_38', 5, 2, 1),
(40, 198, 'Curso_39', 4, 2, 1),
(41, 153, 'Curso_40', 3, 4, 1),
(42, 197, 'Curso_41', 7, 3, 1),
(43, 154, 'Curso_42', 6, 2, 0),
(44, 123, 'Curso_43', 7, 3, 0),
(45, 121, 'Curso_44', 5, 3, 0),
(46, 168, 'Curso_45', 6, 4, 1),
(47, 155, 'Curso_46', 5, 3, 1),
(48, 132, 'Curso_47', 7, 4, 1),
(49, 135, 'Curso_48', 2, 2, 0),
(50, 119, 'Curso_49', 5, 3, 1),
(51, 182, 'Curso_50', 6, 2, 0),
(52, 198, 'Curso_51', 6, 3, 1),
(53, 180, 'Curso_52', 5, 2, 1),
(54, 161, 'Curso_53', 7, 3, 1),
(55, 197, 'Curso_54', 8, 3, 0),
(56, 172, 'Curso_55', 7, 3, 1),
(57, 125, 'Curso_56', 5, 3, 0),
(58, 165, 'Curso_57', 1, 3, 1),
(59, 172, 'Curso_58', 5, 3, 1),
(60, 172, 'Curso_59', 2, 3, 1),
(61, 139, 'Curso_60', 5, 3, 1),
(62, 116, 'Curso_61', 5, 3, 0),
(63, 100, 'Curso_62', 2, 2, 1),
(64, 188, 'Curso_63', 5, 4, 0),
(65, 160, 'Curso_64', 4, 3, 1),
(66, 142, 'Curso_65', 1, 4, 1),
(67, 141, 'Curso_66', 3, 3, 1),
(68, 124, 'Curso_67', 1, 3, 0),
(69, 138, 'Curso_68', 5, 2, 1),
(70, 134, 'Curso_69', 4, 2, 0),
(71, 102, 'Curso_70', 7, 4, 0),
(72, 143, 'Curso_71', 5, 2, 1),
(73, 150, 'Curso_72', 4, 2, 0),
(74, 193, 'Curso_73', 2, 4, 1),
(75, 197, 'Curso_74', 4, 2, 0),
(76, 111, 'Curso_75', 2, 3, 0),
(77, 118, 'Curso_76', 8, 4, 0),
(78, 143, 'Curso_77', 3, 4, 0),
(79, 158, 'Curso_78', 9, 3, 1),
(80, 148, 'Curso_79', 4, 2, 0),
(81, 160, 'Curso_80', 6, 4, 1),
(82, 116, 'Curso_81', 5, 4, 0),
(83, 173, 'Curso_82', 1, 3, 1),
(84, 156, 'Curso_83', 9, 3, 1),
(85, 154, 'Curso_84', 1, 2, 0),
(86, 146, 'Curso_85', 8, 4, 0),
(87, 111, 'Curso_86', 9, 2, 1),
(88, 161, 'Curso_87', 9, 2, 0),
(89, 179, 'Curso_88', 1, 3, 0),
(90, 187, 'Curso_89', 2, 4, 0),
(91, 182, 'Curso_90', 1, 4, 0),
(92, 107, 'Curso_91', 2, 4, 0),
(93, 194, 'Curso_92', 8, 3, 0),
(94, 120, 'Curso_93', 5, 3, 0),
(95, 180, 'Curso_94', 7, 3, 0),
(96, 186, 'Curso_95', 2, 3, 0),
(97, 179, 'Curso_96', 8, 3, 1),
(98, 169, 'Curso_97', 6, 4, 0),
(99, 171, 'Curso_98', 8, 2, 0),
(100, 124, 'Curso_99', 1, 4, 0),
(101, 181, 'Curso_100', 1, 2, 0),
(102, 188, 'Curso_101', 7, 3, 0),
(103, 111, 'Curso_102', 8, 2, 1),
(104, 114, 'Curso_103', 3, 4, 1),
(105, 158, 'Curso_104', 5, 4, 0),
(106, 125, 'Curso_105', 1, 2, 1),
(107, 125, 'Curso_106', 7, 3, 0),
(108, 146, 'Curso_107', 5, 3, 0),
(109, 131, 'Curso_108', 8, 4, 1),
(110, 109, 'Curso_109', 8, 2, 1),
(111, 115, 'Curso_110', 9, 3, 1),
(112, 170, 'Curso_111', 7, 3, 1),
(113, 116, 'Curso_112', 1, 4, 1),
(114, 122, 'Curso_113', 3, 3, 0),
(115, 125, 'Curso_114', 8, 2, 0),
(116, 184, 'Curso_115', 3, 4, 0),
(117, 185, 'Curso_116', 8, 4, 1),
(118, 106, 'Curso_117', 1, 2, 0),
(119, 113, 'Curso_118', 5, 4, 1),
(120, 178, 'Curso_119', 4, 3, 0),
(121, 106, 'Curso_120', 5, 3, 1),
(122, 108, 'Curso_121', 8, 2, 1),
(123, 147, 'Curso_122', 4, 3, 0),
(124, 171, 'Curso_123', 4, 2, 0),
(125, 158, 'Curso_124', 3, 2, 0),
(126, 186, 'Curso_125', 7, 3, 0),
(127, 192, 'Curso_126', 3, 2, 1),
(128, 181, 'Curso_127', 3, 3, 0),
(129, 194, 'Curso_128', 5, 4, 1),
(130, 193, 'Curso_129', 5, 4, 0),
(131, 138, 'Curso_130', 6, 2, 0),
(132, 198, 'Curso_131', 8, 3, 0),
(133, 117, 'Curso_132', 6, 3, 0),
(134, 158, 'Curso_133', 1, 4, 0),
(135, 116, 'Curso_134', 8, 4, 1),
(136, 113, 'Curso_135', 8, 3, 0),
(137, 130, 'Curso_136', 9, 2, 1),
(138, 123, 'Curso_137', 9, 4, 0),
(139, 198, 'Curso_138', 2, 2, 1),
(140, 159, 'Curso_139', 2, 2, 0),
(141, 144, 'Curso_140', 3, 4, 0),
(142, 197, 'Curso_141', 1, 2, 0),
(143, 102, 'Curso_142', 4, 2, 1),
(144, 136, 'Curso_143', 4, 3, 1),
(145, 142, 'Curso_144', 9, 2, 0),
(146, 139, 'Curso_145', 9, 3, 0),
(147, 189, 'Curso_146', 9, 4, 0),
(148, 154, 'Curso_147', 7, 4, 1),
(149, 186, 'Curso_148', 2, 3, 0),
(150, 138, 'Curso_149', 5, 4, 1),
(151, 114, 'Curso_150', 4, 2, 0),
(152, 103, 'Curso_151', 8, 2, 1),
(153, 192, 'Curso_152', 2, 2, 1),
(154, 185, 'Curso_153', 6, 4, 1),
(155, 124, 'Curso_154', 5, 2, 0),
(156, 112, 'Curso_155', 2, 4, 1),
(157, 181, 'Curso_156', 1, 2, 0),
(158, 132, 'Curso_157', 8, 3, 1),
(159, 115, 'Curso_158', 2, 4, 0),
(160, 141, 'Curso_159', 7, 4, 1),
(161, 165, 'Curso_160', 9, 2, 1),
(162, 154, 'Curso_161', 9, 4, 0),
(163, 198, 'Curso_162', 8, 4, 0),
(164, 141, 'Curso_163', 9, 3, 1),
(165, 133, 'Curso_164', 2, 3, 1),
(166, 129, 'Curso_165', 6, 2, 0),
(167, 112, 'Curso_166', 4, 3, 1),
(168, 112, 'Curso_167', 4, 2, 1),
(169, 117, 'Curso_168', 5, 2, 0),
(170, 131, 'Curso_169', 3, 2, 0),
(171, 195, 'Curso_170', 1, 4, 0),
(172, 198, 'Curso_171', 8, 3, 1),
(173, 138, 'Curso_172', 5, 2, 1),
(174, 145, 'Curso_173', 3, 3, 1),
(175, 128, 'Curso_174', 7, 2, 0),
(176, 161, 'Curso_175', 7, 3, 1),
(177, 192, 'Curso_176', 1, 3, 0),
(178, 161, 'Curso_177', 9, 2, 0),
(179, 156, 'Curso_178', 2, 4, 1),
(180, 115, 'Curso_179', 5, 3, 0),
(181, 155, 'Curso_180', 5, 4, 1),
(182, 109, 'Curso_181', 8, 4, 0),
(183, 129, 'Curso_182', 8, 2, 0),
(184, 124, 'Curso_183', 7, 2, 0),
(185, 183, 'Curso_184', 7, 2, 1),
(186, 104, 'Curso_185', 6, 3, 0),
(187, 164, 'Curso_186', 6, 2, 1),
(188, 193, 'Curso_187', 9, 2, 0),
(189, 148, 'Curso_188', 6, 3, 0),
(190, 102, 'Curso_189', 2, 3, 0),
(191, 144, 'Curso_190', 2, 2, 1),
(192, 113, 'Curso_191', 5, 2, 1),
(193, 129, 'Curso_192', 4, 2, 1),
(194, 167, 'Curso_193', 2, 2, 1),
(195, 117, 'Curso_194', 3, 4, 1),
(196, 161, 'Curso_195', 7, 4, 0),
(197, 136, 'Curso_196', 8, 2, 0),
(198, 124, 'Curso_197', 6, 4, 1),
(199, 147, 'Curso_198', 5, 3, 1),
(200, 164, 'Curso_199', 1, 4, 1),
(201, 152, 'Curso_200', 8, 4, 1),
(202, 178, 'Curso_201', 3, 2, 0),
(203, 172, 'Curso_202', 6, 4, 1),
(204, 114, 'Curso_203', 3, 4, 1),
(205, 148, 'Curso_204', 7, 4, 1),
(206, 187, 'Curso_205', 7, 4, 1),
(207, 167, 'Curso_206', 9, 3, 0),
(208, 111, 'Curso_207', 5, 2, 0),
(209, 158, 'Curso_208', 8, 2, 1),
(210, 136, 'Curso_209', 8, 3, 0),
(211, 160, 'Curso_210', 1, 4, 0),
(212, 142, 'Curso_211', 5, 3, 1),
(213, 169, 'Curso_212', 3, 4, 1),
(214, 138, 'Curso_213', 1, 3, 0),
(215, 155, 'Curso_214', 4, 2, 0),
(216, 162, 'Curso_215', 8, 2, 0),
(217, 145, 'Curso_216', 3, 2, 0),
(218, 187, 'Curso_217', 2, 4, 0),
(219, 110, 'Curso_218', 9, 4, 1),
(220, 161, 'Curso_219', 5, 3, 0),
(221, 176, 'Curso_220', 7, 3, 0),
(222, 197, 'Curso_221', 2, 2, 0),
(223, 124, 'Curso_222', 9, 4, 0),
(224, 170, 'Curso_223', 9, 3, 0),
(225, 151, 'Curso_224', 4, 4, 0),
(226, 103, 'Curso_225', 4, 4, 0),
(227, 158, 'Curso_226', 6, 2, 0),
(228, 171, 'Curso_227', 6, 2, 1),
(229, 119, 'Curso_228', 1, 4, 1),
(230, 192, 'Curso_229', 9, 4, 0),
(231, 162, 'Curso_230', 2, 4, 1),
(232, 153, 'Curso_231', 5, 4, 1),
(233, 173, 'Curso_232', 9, 2, 1),
(234, 197, 'Curso_233', 4, 3, 1),
(235, 156, 'Curso_234', 3, 2, 1),
(236, 189, 'Curso_235', 7, 3, 1),
(237, 140, 'Curso_236', 6, 4, 0),
(238, 102, 'Curso_237', 8, 3, 0),
(239, 105, 'Curso_238', 3, 2, 1),
(240, 104, 'Curso_239', 5, 2, 0),
(241, 104, 'Curso_240', 4, 4, 1),
(242, 153, 'Curso_241', 4, 2, 0),
(243, 146, 'Curso_242', 4, 4, 0),
(244, 186, 'Curso_243', 8, 2, 0),
(245, 148, 'Curso_244', 6, 2, 1),
(246, 108, 'Curso_245', 3, 4, 0),
(247, 198, 'Curso_246', 5, 3, 0),
(248, 119, 'Curso_247', 6, 2, 1),
(249, 160, 'Curso_248', 5, 3, 1),
(250, 134, 'Curso_249', 6, 2, 0),
(251, 149, 'Curso_250', 8, 2, 1),
(252, 181, 'Curso_251', 7, 2, 0),
(253, 161, 'Curso_252', 5, 2, 0),
(254, 116, 'Curso_253', 6, 3, 1),
(255, 187, 'Curso_254', 4, 3, 1),
(256, 102, 'Curso_255', 9, 2, 0),
(257, 131, 'Curso_256', 4, 2, 1),
(258, 198, 'Curso_257', 1, 3, 0),
(259, 112, 'Curso_258', 7, 4, 1),
(260, 188, 'Curso_259', 7, 4, 1),
(261, 172, 'Curso_260', 4, 3, 1),
(262, 167, 'Curso_261', 3, 2, 1),
(263, 113, 'Curso_262', 8, 2, 1),
(264, 197, 'Curso_263', 5, 4, 0),
(265, 110, 'Curso_264', 7, 4, 0),
(266, 155, 'Curso_265', 4, 3, 0),
(267, 166, 'Curso_266', 4, 4, 1),
(268, 191, 'Curso_267', 8, 3, 0),
(269, 128, 'Curso_268', 8, 4, 0),
(270, 108, 'Curso_269', 2, 4, 1),
(271, 166, 'Curso_270', 2, 4, 1),
(272, 124, 'Curso_271', 3, 2, 1),
(273, 197, 'Curso_272', 3, 2, 0),
(274, 175, 'Curso_273', 1, 2, 0),
(275, 141, 'Curso_274', 3, 4, 1),
(276, 108, 'Curso_275', 6, 3, 0),
(277, 178, 'Curso_276', 8, 3, 0),
(278, 139, 'Curso_277', 6, 3, 1),
(279, 124, 'Curso_278', 5, 3, 0),
(280, 104, 'Curso_279', 4, 2, 1),
(281, 110, 'Curso_280', 3, 2, 0),
(282, 158, 'Curso_281', 4, 4, 1),
(283, 197, 'Curso_282', 7, 4, 0),
(284, 187, 'Curso_283', 1, 3, 0),
(285, 178, 'Curso_284', 7, 2, 1),
(286, 137, 'Curso_285', 1, 3, 1),
(287, 171, 'Curso_286', 2, 4, 1),
(288, 104, 'Curso_287', 4, 4, 1),
(289, 147, 'Curso_288', 1, 3, 0),
(290, 189, 'Curso_289', 9, 4, 1),
(291, 117, 'Curso_290', 6, 3, 1),
(292, 169, 'Curso_291', 1, 2, 1),
(293, 136, 'Curso_292', 1, 3, 1),
(294, 159, 'Curso_293', 6, 2, 1),
(295, 147, 'Curso_294', 4, 2, 0),
(296, 176, 'Curso_295', 4, 4, 1),
(297, 127, 'Curso_296', 6, 4, 1),
(298, 168, 'Curso_297', 7, 4, 1),
(299, 176, 'Curso_298', 9, 3, 0),
(300, 180, 'Curso_299', 5, 3, 0),
(301, 139, 'Curso_300', 9, 4, 0),
(302, 144, 'Curso_301', 4, 3, 1),
(303, 195, 'Curso_302', 2, 4, 1),
(304, 161, 'Curso_303', 3, 3, 0),
(305, 192, 'Curso_304', 1, 2, 0),
(306, 157, 'Curso_305', 6, 2, 1),
(307, 166, 'Curso_306', 6, 4, 1),
(308, 155, 'Curso_307', 1, 3, 1),
(309, 139, 'Curso_308', 3, 3, 0),
(310, 197, 'Curso_309', 5, 2, 1),
(311, 139, 'Curso_310', 3, 2, 1),
(312, 190, 'Curso_311', 3, 4, 0),
(313, 176, 'Curso_312', 3, 2, 0),
(314, 132, 'Curso_313', 5, 4, 0),
(315, 105, 'Curso_314', 5, 2, 1),
(316, 187, 'Curso_315', 4, 2, 0),
(317, 118, 'Curso_316', 1, 3, 0),
(318, 179, 'Curso_317', 5, 2, 1),
(319, 139, 'Curso_318', 5, 2, 1),
(320, 191, 'Curso_319', 4, 4, 0),
(321, 196, 'Curso_320', 6, 2, 1),
(322, 158, 'Curso_321', 4, 4, 0),
(323, 158, 'Curso_322', 7, 2, 1),
(324, 147, 'Curso_323', 7, 2, 1),
(325, 140, 'Curso_324', 2, 4, 0),
(326, 112, 'Curso_325', 3, 3, 0),
(327, 144, 'Curso_326', 1, 4, 0),
(328, 188, 'Curso_327', 8, 4, 1),
(329, 152, 'Curso_328', 9, 4, 0),
(330, 141, 'Curso_329', 4, 3, 1),
(331, 199, 'Curso_330', 6, 2, 1),
(332, 162, 'Curso_331', 9, 4, 0),
(333, 126, 'Curso_332', 6, 4, 1),
(334, 137, 'Curso_333', 9, 3, 1),
(335, 159, 'Curso_334', 4, 4, 0),
(336, 106, 'Curso_335', 8, 2, 1),
(337, 104, 'Curso_336', 9, 3, 1),
(338, 144, 'Curso_337', 4, 2, 0),
(339, 157, 'Curso_338', 5, 2, 0),
(340, 130, 'Curso_339', 8, 3, 1),
(341, 122, 'Curso_340', 6, 4, 1),
(342, 141, 'Curso_341', 7, 2, 1),
(343, 109, 'Curso_342', 3, 2, 1),
(344, 131, 'Curso_343', 7, 2, 0),
(345, 152, 'Curso_344', 8, 2, 1),
(346, 129, 'Curso_345', 6, 3, 1),
(347, 138, 'Curso_346', 9, 3, 1),
(348, 130, 'Curso_347', 6, 2, 1),
(349, 181, 'Curso_348', 9, 4, 0),
(350, 199, 'Curso_349', 4, 2, 1),
(351, 101, 'Curso_350', 8, 4, 0),
(352, 177, 'Curso_351', 4, 2, 0),
(353, 176, 'Curso_352', 2, 4, 0),
(354, 192, 'Curso_353', 9, 2, 0),
(355, 111, 'Curso_354', 5, 4, 0),
(356, 138, 'Curso_355', 4, 2, 1),
(357, 165, 'Curso_356', 2, 2, 0),
(358, 195, 'Curso_357', 1, 4, 0),
(359, 112, 'Curso_358', 7, 3, 0),
(360, 145, 'Curso_359', 6, 4, 1),
(361, 126, 'Curso_360', 2, 3, 0),
(362, 116, 'Curso_361', 8, 2, 1),
(363, 194, 'Curso_362', 4, 4, 0),
(364, 197, 'Curso_363', 8, 4, 0),
(365, 159, 'Curso_364', 7, 4, 1),
(366, 163, 'Curso_365', 5, 3, 1),
(367, 187, 'Curso_366', 8, 3, 1),
(368, 134, 'Curso_367', 9, 2, 0),
(369, 169, 'Curso_368', 5, 3, 1),
(370, 182, 'Curso_369', 5, 3, 1),
(371, 129, 'Curso_370', 2, 2, 1),
(372, 170, 'Curso_371', 5, 4, 1),
(373, 173, 'Curso_372', 3, 4, 1),
(374, 195, 'Curso_373', 7, 2, 0),
(375, 197, 'Curso_374', 5, 4, 1),
(376, 162, 'Curso_375', 8, 3, 0),
(377, 127, 'Curso_376', 1, 2, 1),
(378, 159, 'Curso_377', 3, 2, 1),
(379, 178, 'Curso_378', 3, 2, 0),
(380, 193, 'Curso_379', 9, 4, 0),
(381, 136, 'Curso_380', 5, 2, 0),
(382, 192, 'Curso_381', 9, 2, 0),
(383, 121, 'Curso_382', 9, 2, 1),
(384, 167, 'Curso_383', 1, 4, 0),
(385, 119, 'Curso_384', 2, 3, 1),
(386, 195, 'Curso_385', 5, 2, 1),
(387, 199, 'Curso_386', 4, 3, 1),
(388, 167, 'Curso_387', 9, 4, 0),
(389, 190, 'Curso_388', 7, 4, 0),
(390, 163, 'Curso_389', 6, 4, 0),
(391, 116, 'Curso_390', 7, 4, 1),
(392, 111, 'Curso_391', 1, 3, 0),
(393, 121, 'Curso_392', 1, 2, 0),
(394, 116, 'Curso_393', 8, 4, 1),
(395, 109, 'Curso_394', 2, 4, 0),
(396, 164, 'Curso_395', 9, 3, 1),
(397, 121, 'Curso_396', 7, 3, 0),
(398, 189, 'Curso_397', 6, 4, 0),
(399, 181, 'Curso_398', 1, 2, 0),
(400, 149, 'Curso_399', 1, 2, 0),
(401, 113, 'Curso_400', 2, 4, 0),
(402, 163, 'Curso_401', 6, 3, 1),
(403, 146, 'Curso_402', 6, 4, 0),
(404, 128, 'Curso_403', 2, 4, 0),
(405, 175, 'Curso_404', 1, 3, 0),
(406, 135, 'Curso_405', 5, 4, 0),
(407, 198, 'Curso_406', 5, 4, 0),
(408, 151, 'Curso_407', 2, 4, 0),
(409, 175, 'Curso_408', 6, 3, 0),
(410, 106, 'Curso_409', 9, 2, 1),
(411, 128, 'Curso_410', 2, 2, 1),
(412, 110, 'Curso_411', 2, 3, 0),
(413, 132, 'Curso_412', 3, 2, 1),
(414, 105, 'Curso_413', 7, 4, 0),
(415, 178, 'Curso_414', 6, 2, 1),
(416, 131, 'Curso_415', 8, 4, 0),
(417, 150, 'Curso_416', 8, 2, 0),
(418, 174, 'Curso_417', 6, 3, 1),
(419, 157, 'Curso_418', 3, 2, 0),
(420, 186, 'Curso_419', 3, 2, 1),
(421, 125, 'Curso_420', 1, 2, 0),
(422, 197, 'Curso_421', 7, 3, 0),
(423, 145, 'Curso_422', 5, 2, 0),
(424, 197, 'Curso_423', 4, 3, 0),
(425, 128, 'Curso_424', 4, 4, 1),
(426, 103, 'Curso_425', 4, 2, 0),
(427, 180, 'Curso_426', 6, 3, 1),
(428, 198, 'Curso_427', 8, 3, 1),
(429, 112, 'Curso_428', 8, 2, 0),
(430, 138, 'Curso_429', 5, 4, 0),
(431, 114, 'Curso_430', 6, 3, 1),
(432, 128, 'Curso_431', 4, 2, 1),
(433, 128, 'Curso_432', 9, 4, 0),
(434, 174, 'Curso_433', 8, 3, 1),
(435, 131, 'Curso_434', 1, 3, 1),
(436, 101, 'Curso_435', 2, 4, 1),
(437, 146, 'Curso_436', 9, 4, 0),
(438, 177, 'Curso_437', 8, 2, 1),
(439, 183, 'Curso_438', 3, 2, 1),
(440, 121, 'Curso_439', 8, 3, 1),
(441, 174, 'Curso_440', 1, 4, 1),
(442, 126, 'Curso_441', 4, 4, 0),
(443, 166, 'Curso_442', 3, 4, 0),
(444, 180, 'Curso_443', 6, 3, 1),
(445, 155, 'Curso_444', 7, 4, 1),
(446, 191, 'Curso_445', 4, 4, 1),
(447, 192, 'Curso_446', 7, 3, 0),
(448, 120, 'Curso_447', 9, 2, 0),
(449, 146, 'Curso_448', 2, 2, 1),
(450, 179, 'Curso_449', 3, 3, 1),
(451, 158, 'Curso_450', 5, 4, 0),
(452, 183, 'Curso_451', 3, 3, 1),
(453, 105, 'Curso_452', 8, 2, 1),
(454, 118, 'Curso_453', 8, 2, 0),
(455, 156, 'Curso_454', 8, 3, 0),
(456, 168, 'Curso_455', 9, 3, 0),
(457, 102, 'Curso_456', 4, 2, 0),
(458, 100, 'Curso_457', 5, 3, 0),
(459, 157, 'Curso_458', 5, 2, 1),
(460, 137, 'Curso_459', 8, 3, 0),
(461, 114, 'Curso_460', 7, 3, 0),
(462, 133, 'Curso_461', 9, 3, 0),
(463, 160, 'Curso_462', 8, 2, 0),
(464, 134, 'Curso_463', 2, 3, 0),
(465, 163, 'Curso_464', 4, 2, 0),
(466, 124, 'Curso_465', 6, 2, 1),
(467, 123, 'Curso_466', 2, 3, 0),
(468, 111, 'Curso_467', 7, 3, 1),
(469, 117, 'Curso_468', 3, 2, 1),
(470, 114, 'Curso_469', 3, 2, 0),
(471, 179, 'Curso_470', 2, 4, 0),
(472, 126, 'Curso_471', 8, 2, 1),
(473, 171, 'Curso_472', 6, 4, 1),
(474, 159, 'Curso_473', 1, 4, 1),
(475, 145, 'Curso_474', 1, 4, 0),
(476, 188, 'Curso_475', 7, 3, 1),
(477, 116, 'Curso_476', 8, 3, 0),
(478, 192, 'Curso_477', 5, 2, 0),
(479, 152, 'Curso_478', 5, 4, 1),
(480, 107, 'Curso_479', 4, 3, 0),
(481, 178, 'Curso_480', 6, 3, 0),
(482, 126, 'Curso_481', 6, 3, 1),
(483, 145, 'Curso_482', 3, 3, 1),
(484, 149, 'Curso_483', 9, 3, 0),
(485, 170, 'Curso_484', 7, 4, 1),
(486, 102, 'Curso_485', 1, 4, 0),
(487, 192, 'Curso_486', 7, 4, 1),
(488, 163, 'Curso_487', 5, 4, 1),
(489, 143, 'Curso_488', 5, 2, 1),
(490, 152, 'Curso_489', 2, 4, 1),
(491, 123, 'Curso_490', 4, 3, 0),
(492, 159, 'Curso_491', 6, 4, 1),
(493, 102, 'Curso_492', 7, 2, 0),
(494, 119, 'Curso_493', 5, 3, 0),
(495, 145, 'Curso_494', 9, 4, 1),
(496, 114, 'Curso_495', 3, 4, 1),
(497, 124, 'Curso_496', 1, 4, 1),
(498, 193, 'Curso_497', 4, 3, 1),
(499, 177, 'Curso_498', 9, 3, 1),
(500, 170, 'Curso_499', 4, 2, 0);

INSERT INTO cursos (id_curso_dim, codigo_curso_fuente, nombre_curso, ciclo_relativo, creditos_curso, cursos_comun) VALUES
(501, 116, 'Curso_500', 2, 3, 1),
(502, 183, 'Curso_501', 5, 3, 0),
(503, 199, 'Curso_502', 3, 4, 0),
(504, 108, 'Curso_503', 9, 3, 0),
(505, 137, 'Curso_504', 4, 4, 0),
(506, 147, 'Curso_505', 6, 4, 1),
(507, 159, 'Curso_506', 2, 3, 1),
(508, 162, 'Curso_507', 6, 2, 0),
(509, 185, 'Curso_508', 3, 2, 0),
(510, 101, 'Curso_509', 9, 3, 1),
(511, 187, 'Curso_510', 2, 2, 0),
(512, 171, 'Curso_511', 9, 4, 1),
(513, 110, 'Curso_512', 5, 4, 0),
(514, 163, 'Curso_513', 8, 3, 1),
(515, 176, 'Curso_514', 2, 2, 0),
(516, 180, 'Curso_515', 6, 2, 0),
(517, 171, 'Curso_516', 3, 4, 0),
(518, 120, 'Curso_517', 5, 3, 1),
(519, 117, 'Curso_518', 8, 2, 1),
(520, 193, 'Curso_519', 1, 3, 1),
(521, 163, 'Curso_520', 5, 2, 0),
(522, 181, 'Curso_521', 3, 4, 0),
(523, 194, 'Curso_522', 4, 4, 0),
(524, 137, 'Curso_523', 2, 3, 0),
(525, 131, 'Curso_524', 9, 4, 0),
(526, 110, 'Curso_525', 3, 2, 0),
(527, 144, 'Curso_526', 2, 4, 1),
(528, 188, 'Curso_527', 9, 3, 1),
(529, 132, 'Curso_528', 7, 3, 1),
(530, 140, 'Curso_529', 6, 3, 0),
(531, 107, 'Curso_530', 1, 2, 1),
(532, 110, 'Curso_531', 5, 2, 0),
(533, 185, 'Curso_532', 3, 2, 0),
(534, 150, 'Curso_533', 1, 2, 1),
(535, 187, 'Curso_534', 4, 2, 0),
(536, 140, 'Curso_535', 2, 4, 0),
(537, 116, 'Curso_536', 2, 2, 0),
(538, 175, 'Curso_537', 3, 2, 0),
(539, 145, 'Curso_538', 8, 4, 0),
(540, 131, 'Curso_539', 8, 2, 1),
(541, 178, 'Curso_540', 7, 3, 1),
(542, 179, 'Curso_541', 6, 2, 0),
(543, 153, 'Curso_542', 9, 2, 0),
(544, 185, 'Curso_543', 4, 3, 1),
(545, 191, 'Curso_544', 1, 3, 1),
(546, 119, 'Curso_545', 8, 3, 1),
(547, 132, 'Curso_546', 7, 3, 0),
(548, 173, 'Curso_547', 7, 2, 1),
(549, 139, 'Curso_548', 3, 3, 1),
(550, 131, 'Curso_549', 4, 3, 0),
(551, 196, 'Curso_550', 9, 4, 0),
(552, 101, 'Curso_551', 6, 3, 1),
(553, 196, 'Curso_552', 5, 3, 0),
(554, 132, 'Curso_553', 3, 4, 1),
(555, 176, 'Curso_554', 9, 4, 1),
(556, 129, 'Curso_555', 5, 2, 0),
(557, 132, 'Curso_556', 5, 4, 0),
(558, 176, 'Curso_557', 4, 2, 1),
(559, 125, 'Curso_558', 4, 4, 0),
(560, 121, 'Curso_559', 1, 4, 0),
(561, 165, 'Curso_560', 7, 2, 0),
(562, 137, 'Curso_561', 9, 4, 0),
(563, 189, 'Curso_562', 3, 2, 0),
(564, 145, 'Curso_563', 2, 4, 0),
(565, 114, 'Curso_564', 3, 3, 0),
(566, 197, 'Curso_565', 1, 4, 1),
(567, 143, 'Curso_566', 6, 2, 0),
(568, 148, 'Curso_567', 7, 4, 1),
(569, 174, 'Curso_568', 2, 2, 0),
(570, 160, 'Curso_569', 8, 2, 1),
(571, 166, 'Curso_570', 6, 3, 0),
(572, 105, 'Curso_571', 4, 3, 1),
(573, 108, 'Curso_572', 5, 2, 0),
(574, 105, 'Curso_573', 8, 4, 1),
(575, 172, 'Curso_574', 3, 2, 0),
(576, 194, 'Curso_575', 3, 2, 0),
(577, 131, 'Curso_576', 4, 4, 1),
(578, 140, 'Curso_577', 1, 4, 1),
(579, 175, 'Curso_578', 9, 4, 0),
(580, 107, 'Curso_579', 8, 4, 1),
(581, 171, 'Curso_580', 8, 2, 1),
(582, 149, 'Curso_581', 6, 2, 0),
(583, 191, 'Curso_582', 7, 3, 1),
(584, 161, 'Curso_583', 6, 2, 0),
(585, 183, 'Curso_584', 9, 4, 1),
(586, 161, 'Curso_585', 3, 3, 0),
(587, 106, 'Curso_586', 3, 4, 1),
(588, 174, 'Curso_587', 3, 2, 0),
(589, 183, 'Curso_588', 3, 3, 0),
(590, 179, 'Curso_589', 9, 4, 1),
(591, 103, 'Curso_590', 4, 3, 1),
(592, 105, 'Curso_591', 7, 3, 0),
(593, 157, 'Curso_592', 9, 2, 0),
(594, 121, 'Curso_593', 7, 4, 1),
(595, 125, 'Curso_594', 9, 3, 1),
(596, 102, 'Curso_595', 3, 3, 1),
(597, 140, 'Curso_596', 4, 4, 1),
(598, 159, 'Curso_597', 8, 3, 1),
(599, 113, 'Curso_598', 6, 3, 1),
(600, 174, 'Curso_599', 5, 3, 0),
(601, 181, 'Curso_600', 4, 4, 1),
(602, 111, 'Curso_601', 8, 4, 1),
(603, 186, 'Curso_602', 1, 4, 1),
(604, 111, 'Curso_603', 9, 4, 1),
(605, 112, 'Curso_604', 1, 2, 0),
(606, 124, 'Curso_605', 8, 3, 0),
(607, 144, 'Curso_606', 4, 4, 0),
(608, 118, 'Curso_607', 9, 3, 0),
(609, 154, 'Curso_608', 5, 3, 1),
(610, 199, 'Curso_609', 3, 2, 0),
(611, 144, 'Curso_610', 9, 4, 1),
(612, 107, 'Curso_611', 9, 4, 1),
(613, 192, 'Curso_612', 4, 3, 0),
(614, 152, 'Curso_613', 4, 4, 0),
(615, 154, 'Curso_614', 8, 3, 1),
(616, 131, 'Curso_615', 2, 3, 0),
(617, 150, 'Curso_616', 9, 2, 0),
(618, 143, 'Curso_617', 6, 2, 1),
(619, 181, 'Curso_618', 9, 2, 1),
(620, 169, 'Curso_619', 8, 3, 1),
(621, 117, 'Curso_620', 7, 4, 1),
(622, 182, 'Curso_621', 1, 2, 1),
(623, 121, 'Curso_622', 3, 4, 0),
(624, 136, 'Curso_623', 2, 2, 1),
(625, 195, 'Curso_624', 5, 2, 1),
(626, 155, 'Curso_625', 5, 3, 1),
(627, 158, 'Curso_626', 5, 2, 0),
(628, 102, 'Curso_627', 4, 2, 1),
(629, 127, 'Curso_628', 5, 3, 1),
(630, 173, 'Curso_629', 3, 4, 0),
(631, 134, 'Curso_630', 1, 2, 1),
(632, 160, 'Curso_631', 5, 3, 1),
(633, 192, 'Curso_632', 9, 2, 1),
(634, 153, 'Curso_633', 9, 3, 0),
(635, 162, 'Curso_634', 4, 4, 0),
(636, 178, 'Curso_635', 3, 4, 1),
(637, 196, 'Curso_636', 1, 3, 1),
(638, 106, 'Curso_637', 2, 3, 1),
(639, 175, 'Curso_638', 8, 3, 0),
(640, 148, 'Curso_639', 1, 4, 0),
(641, 193, 'Curso_640', 8, 2, 0),
(642, 184, 'Curso_641', 7, 4, 0),
(643, 130, 'Curso_642', 8, 3, 0),
(644, 157, 'Curso_643', 6, 3, 0),
(645, 160, 'Curso_644', 9, 4, 1),
(646, 123, 'Curso_645', 3, 3, 0),
(647, 119, 'Curso_646', 4, 4, 1),
(648, 136, 'Curso_647', 6, 3, 0),
(649, 103, 'Curso_648', 8, 2, 1),
(650, 191, 'Curso_649', 5, 2, 0),
(651, 119, 'Curso_650', 3, 3, 1),
(652, 159, 'Curso_651', 6, 4, 1),
(653, 123, 'Curso_652', 4, 2, 1),
(654, 149, 'Curso_653', 9, 4, 0),
(655, 148, 'Curso_654', 3, 3, 0),
(656, 150, 'Curso_655', 4, 4, 0),
(657, 195, 'Curso_656', 7, 2, 1),
(658, 135, 'Curso_657', 7, 4, 1),
(659, 197, 'Curso_658', 4, 4, 1),
(660, 199, 'Curso_659', 6, 3, 0),
(661, 165, 'Curso_660', 3, 3, 0),
(662, 178, 'Curso_661', 6, 3, 1),
(663, 133, 'Curso_662', 2, 2, 0),
(664, 135, 'Curso_663', 8, 2, 0),
(665, 105, 'Curso_664', 2, 3, 0),
(666, 138, 'Curso_665', 7, 3, 0),
(667, 141, 'Curso_666', 9, 2, 1),
(668, 157, 'Curso_667', 1, 2, 0),
(669, 111, 'Curso_668', 8, 2, 0),
(670, 102, 'Curso_669', 7, 2, 1),
(671, 117, 'Curso_670', 6, 3, 1),
(672, 139, 'Curso_671', 6, 2, 0),
(673, 120, 'Curso_672', 6, 3, 0),
(674, 114, 'Curso_673', 9, 4, 0),
(675, 196, 'Curso_674', 2, 4, 0),
(676, 198, 'Curso_675', 1, 2, 1),
(677, 125, 'Curso_676', 6, 4, 1),
(678, 107, 'Curso_677', 8, 4, 1),
(679, 199, 'Curso_678', 3, 4, 0),
(680, 193, 'Curso_679', 1, 2, 0),
(681, 186, 'Curso_680', 9, 2, 1),
(682, 141, 'Curso_681', 1, 4, 0),
(683, 143, 'Curso_682', 3, 3, 1),
(684, 113, 'Curso_683', 8, 4, 1),
(685, 177, 'Curso_684', 3, 2, 1),
(686, 101, 'Curso_685', 4, 2, 1),
(687, 136, 'Curso_686', 8, 2, 1),
(688, 168, 'Curso_687', 1, 4, 1),
(689, 137, 'Curso_688', 6, 3, 1),
(690, 140, 'Curso_689', 1, 2, 0),
(691, 161, 'Curso_690', 1, 2, 1),
(692, 159, 'Curso_691', 8, 4, 1),
(693, 113, 'Curso_692', 4, 3, 0),
(694, 188, 'Curso_693', 1, 4, 1),
(695, 183, 'Curso_694', 7, 2, 0),
(696, 101, 'Curso_695', 5, 3, 1),
(697, 169, 'Curso_696', 5, 3, 0),
(698, 116, 'Curso_697', 1, 2, 0),
(699, 188, 'Curso_698', 6, 3, 0),
(700, 127, 'Curso_699', 9, 3, 1),
(701, 165, 'Curso_700', 9, 4, 0),
(702, 134, 'Curso_701', 8, 2, 1),
(703, 104, 'Curso_702', 5, 2, 1),
(704, 164, 'Curso_703', 1, 2, 1),
(705, 139, 'Curso_704', 9, 2, 1),
(706, 175, 'Curso_705', 1, 2, 1),
(707, 155, 'Curso_706', 8, 3, 1),
(708, 135, 'Curso_707', 5, 4, 1),
(709, 144, 'Curso_708', 3, 2, 0),
(710, 122, 'Curso_709', 7, 4, 1),
(711, 146, 'Curso_710', 7, 4, 1),
(712, 130, 'Curso_711', 9, 3, 0),
(713, 110, 'Curso_712', 7, 2, 1),
(714, 109, 'Curso_713', 3, 3, 0),
(715, 166, 'Curso_714', 1, 2, 0),
(716, 113, 'Curso_715', 8, 3, 1),
(717, 179, 'Curso_716', 3, 4, 1),
(718, 173, 'Curso_717', 8, 2, 0),
(719, 192, 'Curso_718', 8, 4, 1),
(720, 109, 'Curso_719', 5, 4, 0),
(721, 175, 'Curso_720', 1, 3, 0),
(722, 193, 'Curso_721', 7, 2, 1),
(723, 100, 'Curso_722', 5, 4, 0),
(724, 104, 'Curso_723', 8, 3, 1),
(725, 119, 'Curso_724', 9, 2, 1),
(726, 107, 'Curso_725', 7, 2, 0),
(727, 142, 'Curso_726', 7, 4, 0),
(728, 175, 'Curso_727', 1, 2, 1),
(729, 100, 'Curso_728', 4, 4, 1),
(730, 156, 'Curso_729', 2, 2, 1),
(731, 163, 'Curso_730', 2, 3, 0),
(732, 183, 'Curso_731', 2, 4, 1),
(733, 127, 'Curso_732', 4, 4, 0),
(734, 136, 'Curso_733', 1, 2, 0),
(735, 146, 'Curso_734', 4, 2, 0),
(736, 175, 'Curso_735', 2, 4, 1),
(737, 136, 'Curso_736', 5, 2, 0),
(738, 148, 'Curso_737', 3, 3, 1),
(739, 143, 'Curso_738', 8, 2, 0),
(740, 155, 'Curso_739', 4, 3, 1),
(741, 127, 'Curso_740', 1, 3, 1),
(742, 178, 'Curso_741', 1, 3, 0),
(743, 105, 'Curso_742', 3, 3, 1),
(744, 160, 'Curso_743', 9, 3, 0),
(745, 119, 'Curso_744', 7, 2, 0),
(746, 177, 'Curso_745', 2, 3, 0),
(747, 101, 'Curso_746', 9, 2, 0),
(748, 172, 'Curso_747', 2, 3, 0),
(749, 136, 'Curso_748', 3, 4, 0),
(750, 119, 'Curso_749', 2, 3, 0),
(751, 125, 'Curso_750', 3, 4, 1),
(752, 128, 'Curso_751', 6, 3, 0),
(753, 100, 'Curso_752', 9, 3, 0),
(754, 134, 'Curso_753', 9, 3, 1),
(755, 169, 'Curso_754', 7, 4, 1),
(756, 158, 'Curso_755', 3, 4, 0),
(757, 168, 'Curso_756', 4, 3, 0),
(758, 132, 'Curso_757', 6, 2, 0),
(759, 150, 'Curso_758', 5, 3, 1),
(760, 177, 'Curso_759', 2, 4, 0),
(761, 111, 'Curso_760', 6, 3, 1),
(762, 119, 'Curso_761', 3, 4, 0),
(763, 152, 'Curso_762', 8, 4, 0),
(764, 187, 'Curso_763', 2, 4, 1),
(765, 142, 'Curso_764', 1, 3, 0),
(766, 197, 'Curso_765', 9, 4, 0),
(767, 188, 'Curso_766', 3, 4, 0),
(768, 149, 'Curso_767', 1, 3, 1),
(769, 128, 'Curso_768', 7, 4, 0),
(770, 156, 'Curso_769', 5, 3, 0),
(771, 138, 'Curso_770', 5, 4, 1),
(772, 194, 'Curso_771', 1, 2, 1),
(773, 155, 'Curso_772', 9, 2, 0),
(774, 142, 'Curso_773', 7, 4, 0),
(775, 149, 'Curso_774', 8, 2, 1),
(776, 122, 'Curso_775', 9, 3, 0),
(777, 143, 'Curso_776', 6, 2, 0),
(778, 137, 'Curso_777', 5, 4, 1),
(779, 183, 'Curso_778', 6, 4, 0),
(780, 122, 'Curso_779', 2, 3, 0),
(781, 144, 'Curso_780', 4, 4, 1),
(782, 151, 'Curso_781', 3, 3, 0),
(783, 179, 'Curso_782', 7, 2, 0),
(784, 149, 'Curso_783', 9, 2, 0),
(785, 107, 'Curso_784', 5, 3, 1),
(786, 184, 'Curso_785', 6, 3, 0),
(787, 100, 'Curso_786', 2, 4, 1),
(788, 107, 'Curso_787', 3, 2, 1),
(789, 128, 'Curso_788', 3, 3, 0),
(790, 195, 'Curso_789', 9, 2, 1),
(791, 104, 'Curso_790', 7, 3, 0),
(792, 185, 'Curso_791', 8, 2, 0),
(793, 146, 'Curso_792', 9, 4, 0),
(794, 133, 'Curso_793', 6, 2, 1),
(795, 164, 'Curso_794', 4, 2, 0),
(796, 154, 'Curso_795', 1, 2, 0),
(797, 189, 'Curso_796', 8, 2, 0),
(798, 142, 'Curso_797', 7, 2, 1),
(799, 173, 'Curso_798', 2, 4, 1),
(800, 129, 'Curso_799', 8, 3, 0),
(801, 181, 'Curso_800', 5, 2, 0),
(802, 116, 'Curso_801', 7, 4, 0),
(803, 125, 'Curso_802', 4, 2, 0),
(804, 107, 'Curso_803', 5, 2, 1),
(805, 146, 'Curso_804', 8, 3, 1),
(806, 175, 'Curso_805', 1, 2, 1),
(807, 190, 'Curso_806', 1, 4, 1),
(808, 171, 'Curso_807', 4, 4, 1),
(809, 188, 'Curso_808', 3, 3, 1),
(810, 145, 'Curso_809', 2, 2, 1),
(811, 167, 'Curso_810', 3, 4, 0),
(812, 132, 'Curso_811', 1, 2, 0),
(813, 100, 'Curso_812', 1, 2, 0),
(814, 118, 'Curso_813', 6, 2, 0),
(815, 130, 'Curso_814', 5, 3, 0),
(816, 179, 'Curso_815', 8, 2, 0),
(817, 113, 'Curso_816', 2, 4, 1),
(818, 152, 'Curso_817', 4, 2, 0),
(819, 147, 'Curso_818', 8, 4, 1),
(820, 168, 'Curso_819', 6, 2, 0),
(821, 189, 'Curso_820', 1, 4, 1),
(822, 161, 'Curso_821', 4, 4, 1),
(823, 191, 'Curso_822', 1, 2, 0),
(824, 165, 'Curso_823', 2, 2, 0),
(825, 163, 'Curso_824', 5, 4, 0),
(826, 169, 'Curso_825', 8, 3, 0),
(827, 162, 'Curso_826', 8, 2, 0),
(828, 172, 'Curso_827', 3, 3, 1),
(829, 132, 'Curso_828', 4, 2, 0),
(830, 140, 'Curso_829', 6, 2, 1),
(831, 188, 'Curso_830', 3, 2, 1),
(832, 147, 'Curso_831', 2, 2, 1),
(833, 112, 'Curso_832', 6, 3, 0),
(834, 172, 'Curso_833', 5, 2, 0),
(835, 176, 'Curso_834', 5, 4, 0),
(836, 130, 'Curso_835', 5, 4, 0),
(837, 174, 'Curso_836', 5, 3, 0),
(838, 167, 'Curso_837', 3, 2, 0),
(839, 197, 'Curso_838', 7, 4, 1),
(840, 103, 'Curso_839', 6, 3, 0),
(841, 118, 'Curso_840', 4, 2, 1),
(842, 169, 'Curso_841', 2, 4, 1),
(843, 197, 'Curso_842', 9, 4, 0),
(844, 181, 'Curso_843', 1, 3, 0),
(845, 112, 'Curso_844', 4, 2, 0),
(846, 122, 'Curso_845', 1, 2, 0),
(847, 182, 'Curso_846', 6, 4, 0),
(848, 174, 'Curso_847', 4, 4, 0),
(849, 100, 'Curso_848', 5, 4, 1),
(850, 187, 'Curso_849', 5, 2, 1),
(851, 153, 'Curso_850', 9, 3, 1),
(852, 170, 'Curso_851', 1, 3, 1),
(853, 188, 'Curso_852', 2, 2, 1),
(854, 184, 'Curso_853', 6, 3, 1),
(855, 114, 'Curso_854', 5, 4, 0),
(856, 164, 'Curso_855', 7, 3, 0),
(857, 175, 'Curso_856', 3, 3, 0),
(858, 170, 'Curso_857', 3, 3, 1),
(859, 114, 'Curso_858', 2, 4, 1),
(860, 120, 'Curso_859', 3, 2, 1),
(861, 118, 'Curso_860', 1, 4, 0),
(862, 159, 'Curso_861', 5, 2, 0),
(863, 192, 'Curso_862', 5, 2, 0),
(864, 188, 'Curso_863', 7, 2, 1),
(865, 132, 'Curso_864', 4, 3, 1),
(866, 148, 'Curso_865', 3, 3, 1),
(867, 195, 'Curso_866', 1, 2, 0),
(868, 134, 'Curso_867', 8, 2, 1),
(869, 143, 'Curso_868', 3, 3, 0),
(870, 189, 'Curso_869', 2, 4, 0),
(871, 110, 'Curso_870', 4, 2, 0),
(872, 198, 'Curso_871', 3, 4, 0),
(873, 171, 'Curso_872', 1, 3, 0),
(874, 177, 'Curso_873', 3, 2, 0),
(875, 173, 'Curso_874', 2, 4, 0),
(876, 165, 'Curso_875', 8, 4, 1),
(877, 145, 'Curso_876', 6, 4, 0),
(878, 108, 'Curso_877', 9, 3, 1),
(879, 102, 'Curso_878', 8, 3, 0),
(880, 184, 'Curso_879', 3, 4, 0),
(881, 125, 'Curso_880', 5, 4, 0),
(882, 171, 'Curso_881', 7, 3, 1),
(883, 147, 'Curso_882', 5, 4, 0),
(884, 165, 'Curso_883', 8, 4, 0),
(885, 169, 'Curso_884', 5, 3, 1),
(886, 127, 'Curso_885', 1, 4, 1),
(887, 192, 'Curso_886', 5, 4, 1),
(888, 125, 'Curso_887', 4, 4, 1),
(889, 124, 'Curso_888', 6, 3, 0),
(890, 111, 'Curso_889', 3, 4, 0),
(891, 104, 'Curso_890', 5, 3, 1),
(892, 197, 'Curso_891', 2, 3, 0),
(893, 147, 'Curso_892', 6, 2, 1),
(894, 136, 'Curso_893', 6, 2, 1),
(895, 178, 'Curso_894', 5, 4, 1),
(896, 143, 'Curso_895', 6, 3, 0),
(897, 199, 'Curso_896', 7, 2, 1),
(898, 114, 'Curso_897', 5, 4, 0),
(899, 142, 'Curso_898', 1, 2, 0),
(900, 147, 'Curso_899', 8, 2, 0),
(901, 186, 'Curso_900', 4, 3, 1),
(902, 169, 'Curso_901', 9, 3, 0),
(903, 145, 'Curso_902', 6, 2, 1),
(904, 142, 'Curso_903', 1, 2, 0),
(905, 120, 'Curso_904', 3, 3, 0),
(906, 122, 'Curso_905', 3, 4, 0),
(907, 179, 'Curso_906', 4, 3, 1),
(908, 146, 'Curso_907', 6, 2, 1),
(909, 114, 'Curso_908', 7, 4, 1),
(910, 124, 'Curso_909', 4, 2, 1),
(911, 135, 'Curso_910', 6, 4, 0),
(912, 174, 'Curso_911', 1, 2, 0),
(913, 150, 'Curso_912', 8, 4, 1),
(914, 114, 'Curso_913', 7, 4, 1),
(915, 167, 'Curso_914', 9, 2, 1),
(916, 120, 'Curso_915', 3, 4, 1),
(917, 112, 'Curso_916', 2, 3, 0),
(918, 185, 'Curso_917', 1, 2, 1),
(919, 118, 'Curso_918', 3, 3, 1),
(920, 133, 'Curso_919', 5, 2, 0),
(921, 177, 'Curso_920', 2, 4, 1),
(922, 167, 'Curso_921', 3, 4, 0),
(923, 151, 'Curso_922', 4, 4, 1),
(924, 126, 'Curso_923', 7, 2, 0),
(925, 128, 'Curso_924', 3, 3, 1),
(926, 127, 'Curso_925', 9, 3, 1),
(927, 134, 'Curso_926', 8, 2, 1),
(928, 107, 'Curso_927', 4, 2, 1),
(929, 115, 'Curso_928', 1, 3, 1),
(930, 135, 'Curso_929', 1, 3, 0),
(931, 129, 'Curso_930', 1, 3, 1),
(932, 117, 'Curso_931', 1, 3, 0),
(933, 101, 'Curso_932', 8, 2, 0),
(934, 148, 'Curso_933', 3, 2, 0),
(935, 176, 'Curso_934', 6, 4, 0),
(936, 103, 'Curso_935', 3, 3, 1),
(937, 189, 'Curso_936', 5, 4, 1),
(938, 188, 'Curso_937', 7, 2, 1),
(939, 193, 'Curso_938', 2, 2, 1),
(940, 174, 'Curso_939', 6, 4, 0),
(941, 106, 'Curso_940', 6, 3, 0),
(942, 194, 'Curso_941', 3, 3, 0),
(943, 173, 'Curso_942', 6, 3, 1),
(944, 138, 'Curso_943', 5, 3, 1),
(945, 112, 'Curso_944', 2, 4, 1),
(946, 130, 'Curso_945', 9, 4, 1),
(947, 170, 'Curso_946', 8, 2, 0),
(948, 162, 'Curso_947', 3, 3, 1),
(949, 155, 'Curso_948', 8, 3, 1),
(950, 141, 'Curso_949', 9, 3, 0),
(951, 160, 'Curso_950', 3, 4, 0),
(952, 141, 'Curso_951', 3, 3, 1),
(953, 155, 'Curso_952', 2, 4, 1),
(954, 135, 'Curso_953', 8, 3, 0),
(955, 183, 'Curso_954', 1, 3, 1),
(956, 167, 'Curso_955', 8, 2, 0),
(957, 106, 'Curso_956', 7, 3, 0),
(958, 153, 'Curso_957', 7, 3, 1),
(959, 100, 'Curso_958', 3, 2, 0),
(960, 143, 'Curso_959', 1, 4, 1),
(961, 144, 'Curso_960', 4, 4, 1),
(962, 146, 'Curso_961', 9, 3, 1),
(963, 112, 'Curso_962', 5, 4, 1),
(964, 121, 'Curso_963', 1, 3, 0),
(965, 120, 'Curso_964', 5, 2, 1),
(966, 185, 'Curso_965', 8, 2, 1),
(967, 191, 'Curso_966', 8, 3, 0),
(968, 108, 'Curso_967', 5, 2, 1),
(969, 125, 'Curso_968', 9, 2, 1),
(970, 108, 'Curso_969', 1, 3, 1),
(971, 114, 'Curso_970', 4, 3, 1),
(972, 109, 'Curso_971', 3, 2, 0),
(973, 187, 'Curso_972', 2, 4, 0),
(974, 141, 'Curso_973', 8, 4, 1),
(975, 171, 'Curso_974', 7, 3, 0),
(976, 123, 'Curso_975', 9, 3, 0),
(977, 179, 'Curso_976', 2, 4, 0),
(978, 148, 'Curso_977', 4, 2, 0),
(979, 125, 'Curso_978', 6, 4, 1),
(980, 190, 'Curso_979', 3, 4, 0),
(981, 136, 'Curso_980', 8, 4, 1),
(982, 167, 'Curso_981', 3, 4, 1),
(983, 149, 'Curso_982', 2, 3, 0),
(984, 123, 'Curso_983', 3, 3, 1),
(985, 118, 'Curso_984', 6, 2, 0),
(986, 199, 'Curso_985', 2, 2, 1),
(987, 159, 'Curso_986', 8, 2, 1),
(988, 138, 'Curso_987', 1, 2, 0),
(989, 173, 'Curso_988', 7, 4, 1),
(990, 188, 'Curso_989', 2, 3, 0),
(991, 117, 'Curso_990', 6, 3, 1),
(992, 118, 'Curso_991', 2, 2, 1),
(993, 135, 'Curso_992', 2, 2, 0),
(994, 173, 'Curso_993', 8, 4, 0),
(995, 196, 'Curso_994', 2, 4, 0),
(996, 154, 'Curso_995', 7, 2, 1),
(997, 168, 'Curso_996', 3, 3, 0),
(998, 146, 'Curso_997', 8, 3, 0),
(999, 148, 'Curso_998', 7, 3, 0),
(1000, 198, 'Curso_999', 8, 2, 0);

INSERT INTO cursos (id_curso_dim, codigo_curso_fuente, nombre_curso, ciclo_relativo, creditos_curso, cursos_comun) VALUES
(1001, 197, 'Curso_1000', 7, 3, 1),
(1002, 132, 'Curso_1001', 6, 4, 1),
(1003, 120, 'Curso_1002', 7, 4, 1),
(1004, 180, 'Curso_1003', 5, 2, 1),
(1005, 121, 'Curso_1004', 7, 4, 1),
(1006, 147, 'Curso_1005', 1, 2, 1),
(1007, 136, 'Curso_1006', 1, 3, 0),
(1008, 114, 'Curso_1007', 9, 3, 1),
(1009, 134, 'Curso_1008', 5, 3, 0),
(1010, 191, 'Curso_1009', 5, 4, 0),
(1011, 170, 'Curso_1010', 3, 2, 0),
(1012, 131, 'Curso_1011', 5, 3, 0),
(1013, 110, 'Curso_1012', 3, 2, 1),
(1014, 109, 'Curso_1013', 9, 3, 1),
(1015, 172, 'Curso_1014', 9, 4, 1),
(1016, 177, 'Curso_1015', 6, 4, 0),
(1017, 176, 'Curso_1016', 1, 2, 1),
(1018, 156, 'Curso_1017', 7, 4, 1),
(1019, 124, 'Curso_1018', 7, 4, 1),
(1020, 101, 'Curso_1019', 4, 2, 1),
(1021, 163, 'Curso_1020', 8, 3, 1),
(1022, 134, 'Curso_1021', 6, 4, 1),
(1023, 106, 'Curso_1022', 4, 2, 0),
(1024, 184, 'Curso_1023', 4, 4, 0),
(1025, 117, 'Curso_1024', 2, 4, 1),
(1026, 166, 'Curso_1025', 2, 4, 0),
(1027, 141, 'Curso_1026', 4, 4, 0),
(1028, 138, 'Curso_1027', 5, 2, 1),
(1029, 140, 'Curso_1028', 8, 2, 0),
(1030, 174, 'Curso_1029', 6, 2, 1),
(1031, 123, 'Curso_1030', 4, 4, 0),
(1032, 159, 'Curso_1031', 7, 4, 1),
(1033, 145, 'Curso_1032', 8, 4, 0),
(1034, 118, 'Curso_1033', 2, 2, 0),
(1035, 167, 'Curso_1034', 7, 4, 0),
(1036, 189, 'Curso_1035', 2, 3, 0),
(1037, 141, 'Curso_1036', 2, 4, 1),
(1038, 131, 'Curso_1037', 8, 3, 0),
(1039, 138, 'Curso_1038', 2, 4, 1),
(1040, 135, 'Curso_1039', 9, 2, 1),
(1041, 196, 'Curso_1040', 1, 4, 0),
(1042, 135, 'Curso_1041', 9, 3, 0),
(1043, 102, 'Curso_1042', 1, 3, 1),
(1044, 172, 'Curso_1043', 2, 4, 0),
(1045, 107, 'Curso_1044', 6, 3, 1),
(1046, 196, 'Curso_1045', 6, 3, 0),
(1047, 169, 'Curso_1046', 1, 2, 1),
(1048, 140, 'Curso_1047', 7, 4, 0),
(1049, 167, 'Curso_1048', 8, 4, 0),
(1050, 112, 'Curso_1049', 2, 4, 1),
(1051, 148, 'Curso_1050', 8, 3, 1),
(1052, 159, 'Curso_1051', 9, 4, 1),
(1053, 101, 'Curso_1052', 6, 4, 0),
(1054, 159, 'Curso_1053', 5, 2, 0),
(1055, 104, 'Curso_1054', 9, 2, 0),
(1056, 143, 'Curso_1055', 9, 2, 0),
(1057, 126, 'Curso_1056', 1, 3, 1),
(1058, 131, 'Curso_1057', 3, 4, 1),
(1059, 120, 'Curso_1058', 9, 2, 0),
(1060, 107, 'Curso_1059', 2, 2, 0),
(1061, 171, 'Curso_1060', 4, 2, 0),
(1062, 149, 'Curso_1061', 4, 4, 1),
(1063, 166, 'Curso_1062', 2, 4, 1),
(1064, 143, 'Curso_1063', 3, 4, 0),
(1065, 157, 'Curso_1064', 3, 3, 1),
(1066, 102, 'Curso_1065', 1, 3, 0),
(1067, 185, 'Curso_1066', 6, 2, 0),
(1068, 169, 'Curso_1067', 8, 4, 1),
(1069, 101, 'Curso_1068', 3, 2, 1),
(1070, 186, 'Curso_1069', 5, 4, 1),
(1071, 143, 'Curso_1070', 1, 4, 1),
(1072, 101, 'Curso_1071', 7, 4, 0),
(1073, 180, 'Curso_1072', 1, 3, 1),
(1074, 134, 'Curso_1073', 9, 3, 1),
(1075, 197, 'Curso_1074', 8, 4, 1),
(1076, 186, 'Curso_1075', 7, 2, 1),
(1077, 129, 'Curso_1076', 7, 4, 0),
(1078, 107, 'Curso_1077', 5, 4, 0),
(1079, 121, 'Curso_1078', 5, 2, 1),
(1080, 143, 'Curso_1079', 5, 4, 1),
(1081, 157, 'Curso_1080', 1, 2, 0),
(1082, 135, 'Curso_1081', 8, 3, 0),
(1083, 168, 'Curso_1082', 1, 3, 1),
(1084, 176, 'Curso_1083', 4, 2, 0),
(1085, 192, 'Curso_1084', 9, 3, 0),
(1086, 130, 'Curso_1085', 9, 3, 0),
(1087, 146, 'Curso_1086', 5, 2, 0),
(1088, 154, 'Curso_1087', 4, 3, 1),
(1089, 179, 'Curso_1088', 3, 4, 0),
(1090, 161, 'Curso_1089', 3, 4, 0),
(1091, 129, 'Curso_1090', 5, 2, 1),
(1092, 154, 'Curso_1091', 1, 3, 1),
(1093, 115, 'Curso_1092', 5, 4, 1),
(1094, 111, 'Curso_1093', 6, 4, 0),
(1095, 116, 'Curso_1094', 7, 3, 1),
(1096, 115, 'Curso_1095', 9, 3, 0),
(1097, 111, 'Curso_1096', 3, 4, 1),
(1098, 107, 'Curso_1097', 2, 4, 0),
(1099, 183, 'Curso_1098', 3, 2, 1),
(1100, 102, 'Curso_1099', 9, 2, 1),
(1101, 115, 'Curso_1100', 7, 4, 0),
(1102, 129, 'Curso_1101', 9, 2, 1),
(1103, 122, 'Curso_1102', 2, 4, 1),
(1104, 191, 'Curso_1103', 5, 4, 1),
(1105, 104, 'Curso_1104', 4, 2, 1),
(1106, 183, 'Curso_1105', 2, 2, 1),
(1107, 164, 'Curso_1106', 9, 3, 0),
(1108, 129, 'Curso_1107', 9, 3, 0),
(1109, 120, 'Curso_1108', 6, 3, 1),
(1110, 183, 'Curso_1109', 6, 4, 1),
(1111, 169, 'Curso_1110', 8, 2, 0),
(1112, 121, 'Curso_1111', 6, 4, 0),
(1113, 181, 'Curso_1112', 1, 2, 1),
(1114, 171, 'Curso_1113', 4, 4, 0),
(1115, 131, 'Curso_1114', 7, 3, 1),
(1116, 132, 'Curso_1115', 2, 3, 1),
(1117, 115, 'Curso_1116', 9, 3, 1),
(1118, 175, 'Curso_1117', 8, 4, 1),
(1119, 137, 'Curso_1118', 8, 2, 0),
(1120, 197, 'Curso_1119', 7, 2, 0),
(1121, 113, 'Curso_1120', 4, 3, 0),
(1122, 135, 'Curso_1121', 2, 3, 1),
(1123, 196, 'Curso_1122', 3, 3, 0),
(1124, 122, 'Curso_1123', 6, 3, 1),
(1125, 165, 'Curso_1124', 5, 2, 1),
(1126, 184, 'Curso_1125', 8, 4, 0),
(1127, 101, 'Curso_1126', 6, 4, 1),
(1128, 190, 'Curso_1127', 6, 4, 1),
(1129, 172, 'Curso_1128', 1, 4, 1),
(1130, 164, 'Curso_1129', 4, 3, 0),
(1131, 174, 'Curso_1130', 5, 3, 1),
(1132, 166, 'Curso_1131', 3, 3, 0),
(1133, 151, 'Curso_1132', 9, 4, 1),
(1134, 161, 'Curso_1133', 1, 3, 0),
(1135, 122, 'Curso_1134', 6, 3, 1),
(1136, 125, 'Curso_1135', 6, 2, 0),
(1137, 167, 'Curso_1136', 5, 2, 0),
(1138, 181, 'Curso_1137', 5, 3, 1),
(1139, 154, 'Curso_1138', 5, 2, 1),
(1140, 105, 'Curso_1139', 6, 2, 1),
(1141, 134, 'Curso_1140', 8, 3, 1),
(1142, 121, 'Curso_1141', 2, 3, 0),
(1143, 142, 'Curso_1142', 6, 3, 1),
(1144, 114, 'Curso_1143', 1, 3, 0),
(1145, 185, 'Curso_1144', 4, 4, 1),
(1146, 159, 'Curso_1145', 3, 4, 0),
(1147, 111, 'Curso_1146', 9, 3, 0),
(1148, 148, 'Curso_1147', 3, 2, 0),
(1149, 141, 'Curso_1148', 6, 3, 1),
(1150, 137, 'Curso_1149', 1, 3, 1),
(1151, 181, 'Curso_1150', 6, 2, 0),
(1152, 144, 'Curso_1151', 4, 4, 0),
(1153, 134, 'Curso_1152', 8, 3, 0),
(1154, 129, 'Curso_1153', 9, 3, 0),
(1155, 187, 'Curso_1154', 4, 4, 0),
(1156, 129, 'Curso_1155', 6, 4, 1),
(1157, 177, 'Curso_1156', 1, 2, 0),
(1158, 105, 'Curso_1157', 4, 4, 1),
(1159, 166, 'Curso_1158', 7, 4, 1),
(1160, 179, 'Curso_1159', 1, 4, 1),
(1161, 106, 'Curso_1160', 8, 2, 0),
(1162, 151, 'Curso_1161', 6, 4, 0),
(1163, 113, 'Curso_1162', 5, 4, 0),
(1164, 172, 'Curso_1163', 9, 2, 0),
(1165, 114, 'Curso_1164', 2, 4, 1),
(1166, 120, 'Curso_1165', 5, 4, 1),
(1167, 134, 'Curso_1166', 6, 2, 1),
(1168, 165, 'Curso_1167', 7, 3, 0),
(1169, 190, 'Curso_1168', 5, 2, 0),
(1170, 101, 'Curso_1169', 9, 4, 0),
(1171, 134, 'Curso_1170', 1, 4, 0),
(1172, 181, 'Curso_1171', 7, 4, 0),
(1173, 177, 'Curso_1172', 7, 2, 0),
(1174, 119, 'Curso_1173', 4, 4, 1),
(1175, 181, 'Curso_1174', 9, 4, 1),
(1176, 109, 'Curso_1175', 5, 2, 0),
(1177, 124, 'Curso_1176', 4, 3, 1),
(1178, 165, 'Curso_1177', 7, 3, 1),
(1179, 124, 'Curso_1178', 4, 4, 1),
(1180, 153, 'Curso_1179', 3, 2, 1),
(1181, 132, 'Curso_1180', 9, 4, 0),
(1182, 135, 'Curso_1181', 8, 2, 1),
(1183, 194, 'Curso_1182', 1, 2, 0),
(1184, 113, 'Curso_1183', 7, 3, 0),
(1185, 164, 'Curso_1184', 9, 3, 1),
(1186, 179, 'Curso_1185', 8, 2, 0),
(1187, 153, 'Curso_1186', 8, 4, 1),
(1188, 151, 'Curso_1187', 6, 3, 0),
(1189, 102, 'Curso_1188', 4, 4, 0),
(1190, 198, 'Curso_1189', 8, 3, 1),
(1191, 140, 'Curso_1190', 3, 3, 1),
(1192, 105, 'Curso_1191', 9, 4, 0),
(1193, 124, 'Curso_1192', 2, 3, 1),
(1194, 112, 'Curso_1193', 2, 3, 0),
(1195, 197, 'Curso_1194', 7, 4, 1),
(1196, 107, 'Curso_1195', 4, 3, 0),
(1197, 120, 'Curso_1196', 8, 3, 0),
(1198, 197, 'Curso_1197', 9, 3, 0),
(1199, 167, 'Curso_1198', 7, 4, 0),
(1200, 124, 'Curso_1199', 5, 2, 0);

INSERT INTO docentes (id_docente, nombre_docente) VALUES
(1, 'Docente_1'),
(2, 'Docente_2'),
(3, 'Docente_3'),
(4, 'Docente_4'),
(5, 'Docente_5'),
(6, 'Docente_6'),
(7, 'Docente_7'),
(8, 'Docente_8'),
(9, 'Docente_9'),
(10, 'Docente_10'),
(11, 'Docente_11'),
(12, 'Docente_12'),
(13, 'Docente_13'),
(14, 'Docente_14'),
(15, 'Docente_15'),
(16, 'Docente_16'),
(17, 'Docente_17'),
(18, 'Docente_18'),
(19, 'Docente_19'),
(20, 'Docente_20'),
(21, 'Docente_21'),
(22, 'Docente_22'),
(23, 'Docente_23'),
(24, 'Docente_24'),
(25, 'Docente_25'),
(26, 'Docente_26'),
(27, 'Docente_27'),
(28, 'Docente_28'),
(29, 'Docente_29'),
(30, 'Docente_30'),
(31, 'Docente_31'),
(32, 'Docente_32'),
(33, 'Docente_33'),
(34, 'Docente_34'),
(35, 'Docente_35'),
(36, 'Docente_36'),
(37, 'Docente_37'),
(38, 'Docente_38'),
(39, 'Docente_39'),
(40, 'Docente_40'),
(41, 'Docente_41'),
(42, 'Docente_42'),
(43, 'Docente_43'),
(44, 'Docente_44'),
(45, 'Docente_45'),
(46, 'Docente_46'),
(47, 'Docente_47'),
(48, 'Docente_48'),
(49, 'Docente_49');

INSERT INTO aulas (id_aula_dim, codigo_aula_fuente, capacidad_aula, pabellon) VALUES
(1, 5, 40, 'A'),
(2, 13, 40, 'B'),
(3, 18, 40, 'A'),
(4, 17, 40, 'C'),
(5, 9, 40, 'A'),
(6, 14, 40, 'A'),
(7, 17, 40, 'A'),
(8, 29, 40, 'A'),
(9, 4, 40, 'C'),
(10, 18, 40, 'C'),
(11, 27, 40, 'B'),
(12, 20, 40, 'A'),
(13, 24, 40, 'A'),
(14, 24, 40, 'B'),
(15, 15, 40, 'A'),
(16, 11, 40, 'B'),
(17, 12, 40, 'C'),
(18, 9, 40, 'B'),
(19, 13, 40, 'A'),
(20, 15, 40, 'B'),
(21, 27, 40, 'C'),
(22, 15, 40, 'A'),
(23, 28, 40, 'C'),
(24, 5, 40, 'C'),
(25, 23, 40, 'B'),
(26, 19, 40, 'C'),
(27, 26, 40, 'A'),
(28, 20, 40, 'C'),
(29, 26, 40, 'C'),
(30, 25, 40, 'B'),
(31, 26, 40, 'C'),
(32, 26, 40, 'B'),
(33, 14, 40, 'B'),
(34, 28, 40, 'A'),
(35, 17, 40, 'A'),
(36, 18, 40, 'A'),
(37, 21, 40, 'A'),
(38, 3, 40, 'B'),
(39, 2, 40, 'C'),
(40, 1, 40, 'A'),
(41, 10, 40, 'A'),
(42, 19, 40, 'A'),
(43, 17, 40, 'C'),
(44, 12, 40, 'A'),
(45, 1, 40, 'C'),
(46, 12, 40, 'B'),
(47, 17, 40, 'B'),
(48, 24, 40, 'B'),
(49, 3, 40, 'C'),
(50, 11, 40, 'A'),
(51, 17, 40, 'A'),
(52, 23, 40, 'A'),
(53, 26, 40, 'A'),
(54, 3, 40, 'A'),
(55, 8, 40, 'C'),
(56, 20, 40, 'B'),
(57, 4, 40, 'A'),
(58, 21, 40, 'B'),
(59, 22, 40, 'C'),
(60, 7, 40, 'C'),
(61, 14, 40, 'A'),
(62, 14, 40, 'C'),
(63, 4, 40, 'B'),
(64, 16, 40, 'A'),
(65, 24, 40, 'A'),
(66, 29, 40, 'B'),
(67, 22, 40, 'A'),
(68, 1, 40, 'A'),
(69, 17, 40, 'B'),
(70, 25, 40, 'A'),
(71, 22, 40, 'B'),
(72, 16, 40, 'C'),
(73, 16, 40, 'B'),
(74, 26, 40, 'A'),
(75, 8, 40, 'B'),
(76, 29, 40, 'A'),
(77, 7, 40, 'A'),
(78, 28, 40, 'B'),
(79, 6, 40, 'A'),
(80, 16, 40, 'C'),
(81, 20, 40, 'A'),
(82, 16, 40, 'B'),
(83, 7, 40, 'C'),
(84, 9, 40, 'C'),
(85, 14, 40, 'A'),
(86, 11, 40, 'B'),
(87, 26, 40, 'A'),
(88, 14, 40, 'B'),
(89, 7, 40, 'B'),
(90, 1, 40, 'A'),
(91, 26, 40, 'C'),
(92, 25, 40, 'A'),
(93, 13, 40, 'C'),
(94, 20, 40, 'A'),
(95, 3, 40, 'B'),
(96, 20, 40, 'C'),
(97, 4, 40, 'B'),
(98, 29, 40, 'B'),
(99, 26, 40, 'B'),
(100, 11, 40, 'B'),
(101, 2, 40, 'B'),
(102, 12, 40, 'C'),
(103, 17, 40, 'A'),
(104, 12, 40, 'A'),
(105, 26, 40, 'A'),
(106, 12, 40, 'B'),
(107, 1, 40, 'A'),
(108, 13, 40, 'C'),
(109, 14, 40, 'A'),
(110, 24, 40, 'B'),
(111, 2, 40, 'C'),
(112, 12, 40, 'C'),
(113, 26, 40, 'C'),
(114, 21, 40, 'C'),
(115, 28, 40, 'A'),
(116, 16, 40, 'B'),
(117, 4, 40, 'C'),
(118, 8, 40, 'C'),
(119, 2, 40, 'B'),
(120, 10, 40, 'A'),
(121, 9, 40, 'C'),
(122, 23, 40, 'A'),
(123, 15, 40, 'A'),
(124, 13, 40, 'A'),
(125, 16, 40, 'C'),
(126, 28, 40, 'A'),
(127, 2, 40, 'A'),
(128, 20, 40, 'B'),
(129, 20, 40, 'B'),
(130, 27, 40, 'B'),
(131, 14, 40, 'C'),
(132, 3, 40, 'B'),
(133, 23, 40, 'C'),
(134, 12, 40, 'C'),
(135, 8, 40, 'C'),
(136, 2, 40, 'C'),
(137, 4, 40, 'B'),
(138, 14, 40, 'A'),
(139, 16, 40, 'A'),
(140, 19, 40, 'A'),
(141, 2, 40, 'B'),
(142, 29, 40, 'B'),
(143, 14, 40, 'B'),
(144, 6, 40, 'B'),
(145, 13, 40, 'A'),
(146, 4, 40, 'A'),
(147, 22, 40, 'A'),
(148, 18, 40, 'C'),
(149, 12, 40, 'B'),
(150, 20, 40, 'C'),
(151, 27, 40, 'B'),
(152, 22, 40, 'A'),
(153, 21, 40, 'B'),
(154, 19, 40, 'B'),
(155, 8, 40, 'C'),
(156, 7, 40, 'B'),
(157, 16, 40, 'A'),
(158, 19, 40, 'B'),
(159, 6, 40, 'B'),
(160, 20, 40, 'B'),
(161, 27, 40, 'C'),
(162, 21, 40, 'B'),
(163, 11, 40, 'B'),
(164, 5, 40, 'C'),
(165, 16, 40, 'C'),
(166, 7, 40, 'C'),
(167, 27, 40, 'C'),
(168, 5, 40, 'A'),
(169, 11, 40, 'A'),
(170, 15, 40, 'B'),
(171, 3, 40, 'A'),
(172, 26, 40, 'B'),
(173, 5, 40, 'A'),
(174, 23, 40, 'C'),
(175, 21, 40, 'C'),
(176, 5, 40, 'A'),
(177, 9, 40, 'A'),
(178, 15, 40, 'B'),
(179, 3, 40, 'B'),
(180, 29, 40, 'B'),
(181, 6, 40, 'C'),
(182, 17, 40, 'C'),
(183, 26, 40, 'C'),
(184, 21, 40, 'C'),
(185, 8, 40, 'B'),
(186, 21, 40, 'C'),
(187, 25, 40, 'C'),
(188, 11, 40, 'C'),
(189, 6, 40, 'C'),
(190, 8, 40, 'A'),
(191, 10, 40, 'B'),
(192, 24, 40, 'B'),
(193, 29, 40, 'C'),
(194, 3, 40, 'A'),
(195, 23, 40, 'B'),
(196, 14, 40, 'B'),
(197, 23, 40, 'C'),
(198, 14, 40, 'C'),
(199, 10, 40, 'B'),
(200, 12, 40, 'B'),
(201, 6, 40, 'A'),
(202, 12, 40, 'B'),
(203, 23, 40, 'B'),
(204, 14, 40, 'C'),
(205, 2, 40, 'B'),
(206, 9, 40, 'C'),
(207, 10, 40, 'B'),
(208, 26, 40, 'B'),
(209, 17, 40, 'B'),
(210, 17, 40, 'A'),
(211, 3, 40, 'C'),
(212, 19, 40, 'A'),
(213, 1, 40, 'B'),
(214, 12, 40, 'A'),
(215, 7, 40, 'C'),
(216, 4, 40, 'B'),
(217, 10, 40, 'A'),
(218, 13, 40, 'A'),
(219, 2, 40, 'C'),
(220, 10, 40, 'A'),
(221, 21, 40, 'C'),
(222, 22, 40, 'B'),
(223, 25, 40, 'B'),
(224, 4, 40, 'A'),
(225, 18, 40, 'B'),
(226, 5, 40, 'B'),
(227, 19, 40, 'A'),
(228, 12, 40, 'A'),
(229, 17, 40, 'C'),
(230, 10, 40, 'C'),
(231, 2, 40, 'C'),
(232, 6, 40, 'A'),
(233, 8, 40, 'A'),
(234, 29, 40, 'B'),
(235, 19, 40, 'B'),
(236, 11, 40, 'B'),
(237, 25, 40, 'B'),
(238, 12, 40, 'B'),
(239, 9, 40, 'A'),
(240, 2, 40, 'A'),
(241, 8, 40, 'C'),
(242, 26, 40, 'C'),
(243, 11, 40, 'C'),
(244, 28, 40, 'C'),
(245, 21, 40, 'A'),
(246, 4, 40, 'A'),
(247, 10, 40, 'A'),
(248, 21, 40, 'B'),
(249, 20, 40, 'B'),
(250, 16, 40, 'C'),
(251, 8, 40, 'B'),
(252, 4, 40, 'A'),
(253, 29, 40, 'C'),
(254, 10, 40, 'C'),
(255, 12, 40, 'B'),
(256, 29, 40, 'C'),
(257, 14, 40, 'B'),
(258, 16, 40, 'B'),
(259, 22, 40, 'C'),
(260, 18, 40, 'B'),
(261, 21, 40, 'B'),
(262, 22, 40, 'B'),
(263, 21, 40, 'B'),
(264, 12, 40, 'C'),
(265, 18, 40, 'A'),
(266, 7, 40, 'A'),
(267, 20, 40, 'B'),
(268, 24, 40, 'B'),
(269, 23, 40, 'B'),
(270, 7, 40, 'A'),
(271, 9, 40, 'B'),
(272, 1, 40, 'C'),
(273, 26, 40, 'C'),
(274, 6, 40, 'A'),
(275, 22, 40, 'B'),
(276, 29, 40, 'B'),
(277, 12, 40, 'B'),
(278, 22, 40, 'A'),
(279, 12, 40, 'A'),
(280, 10, 40, 'A'),
(281, 23, 40, 'A'),
(282, 6, 40, 'A'),
(283, 17, 40, 'A'),
(284, 18, 40, 'B'),
(285, 6, 40, 'B'),
(286, 24, 40, 'B'),
(287, 19, 40, 'C'),
(288, 10, 40, 'C'),
(289, 24, 40, 'A'),
(290, 8, 40, 'B'),
(291, 21, 40, 'C'),
(292, 24, 40, 'B'),
(293, 6, 40, 'C'),
(294, 21, 40, 'C'),
(295, 25, 40, 'A'),
(296, 7, 40, 'A'),
(297, 24, 40, 'C'),
(298, 1, 40, 'A'),
(299, 27, 40, 'C'),
(300, 18, 40, 'C'),
(301, 28, 40, 'A'),
(302, 25, 40, 'A'),
(303, 20, 40, 'A'),
(304, 12, 40, 'B'),
(305, 16, 40, 'B'),
(306, 10, 40, 'B'),
(307, 27, 40, 'A'),
(308, 10, 40, 'A'),
(309, 14, 40, 'A'),
(310, 25, 40, 'B'),
(311, 20, 40, 'B'),
(312, 10, 40, 'C'),
(313, 10, 40, 'B'),
(314, 25, 40, 'A'),
(315, 11, 40, 'B'),
(316, 23, 40, 'A'),
(317, 2, 40, 'A'),
(318, 25, 40, 'A'),
(319, 20, 40, 'A'),
(320, 8, 40, 'B'),
(321, 23, 40, 'A'),
(322, 29, 40, 'C'),
(323, 7, 40, 'B'),
(324, 8, 40, 'A'),
(325, 1, 40, 'B'),
(326, 21, 40, 'C'),
(327, 18, 40, 'C'),
(328, 1, 40, 'C'),
(329, 5, 40, 'A'),
(330, 2, 40, 'B'),
(331, 20, 40, 'A'),
(332, 3, 40, 'B'),
(333, 19, 40, 'A'),
(334, 18, 40, 'A'),
(335, 29, 40, 'C'),
(336, 22, 40, 'C'),
(337, 18, 40, 'C'),
(338, 14, 40, 'A'),
(339, 24, 40, 'A'),
(340, 8, 40, 'A'),
(341, 29, 40, 'B'),
(342, 12, 40, 'B'),
(343, 10, 40, 'C'),
(344, 23, 40, 'C'),
(345, 20, 40, 'C'),
(346, 17, 40, 'A'),
(347, 11, 40, 'C'),
(348, 26, 40, 'B'),
(349, 26, 40, 'C'),
(350, 4, 40, 'B'),
(351, 1, 40, 'C'),
(352, 15, 40, 'A'),
(353, 13, 40, 'A'),
(354, 8, 40, 'A'),
(355, 25, 40, 'A'),
(356, 4, 40, 'C'),
(357, 10, 40, 'B'),
(358, 19, 40, 'A'),
(359, 5, 40, 'B'),
(360, 26, 40, 'B'),
(361, 23, 40, 'A'),
(362, 27, 40, 'B'),
(363, 22, 40, 'B'),
(364, 16, 40, 'A'),
(365, 1, 40, 'C'),
(366, 24, 40, 'A'),
(367, 2, 40, 'B'),
(368, 21, 40, 'B'),
(369, 25, 40, 'C'),
(370, 8, 40, 'B'),
(371, 25, 40, 'A'),
(372, 16, 40, 'A'),
(373, 5, 40, 'C'),
(374, 26, 40, 'B'),
(375, 22, 40, 'B'),
(376, 13, 40, 'B'),
(377, 19, 40, 'C'),
(378, 3, 40, 'A'),
(379, 26, 40, 'C'),
(380, 8, 40, 'A'),
(381, 27, 40, 'A'),
(382, 26, 40, 'C'),
(383, 26, 40, 'A'),
(384, 12, 40, 'B'),
(385, 2, 40, 'C'),
(386, 11, 40, 'A'),
(387, 12, 40, 'B'),
(388, 28, 40, 'B'),
(389, 18, 40, 'A'),
(390, 13, 40, 'B'),
(391, 5, 40, 'C'),
(392, 22, 40, 'A'),
(393, 12, 40, 'B'),
(394, 2, 40, 'B'),
(395, 5, 40, 'A'),
(396, 7, 40, 'A'),
(397, 26, 40, 'A'),
(398, 26, 40, 'A'),
(399, 24, 40, 'C'),
(400, 12, 40, 'A'),
(401, 16, 40, 'C'),
(402, 23, 40, 'C'),
(403, 8, 40, 'A'),
(404, 28, 40, 'C'),
(405, 9, 40, 'A'),
(406, 15, 40, 'A'),
(407, 5, 40, 'B'),
(408, 13, 40, 'A'),
(409, 5, 40, 'B'),
(410, 11, 40, 'C'),
(411, 10, 40, 'B'),
(412, 20, 40, 'C'),
(413, 13, 40, 'A'),
(414, 9, 40, 'C'),
(415, 21, 40, 'C'),
(416, 14, 40, 'A'),
(417, 15, 40, 'A'),
(418, 10, 40, 'B'),
(419, 24, 40, 'A'),
(420, 8, 40, 'C'),
(421, 28, 40, 'B'),
(422, 3, 40, 'A'),
(423, 15, 40, 'B'),
(424, 16, 40, 'B'),
(425, 4, 40, 'C'),
(426, 21, 40, 'A'),
(427, 6, 40, 'C'),
(428, 1, 40, 'A'),
(429, 4, 40, 'B'),
(430, 11, 40, 'A'),
(431, 12, 40, 'A'),
(432, 26, 40, 'B'),
(433, 29, 40, 'B'),
(434, 5, 40, 'A'),
(435, 23, 40, 'C'),
(436, 29, 40, 'A'),
(437, 21, 40, 'B'),
(438, 13, 40, 'B'),
(439, 13, 40, 'B'),
(440, 17, 40, 'C'),
(441, 27, 40, 'B'),
(442, 7, 40, 'B'),
(443, 8, 40, 'B'),
(444, 13, 40, 'B'),
(445, 23, 40, 'B'),
(446, 27, 40, 'B'),
(447, 16, 40, 'B'),
(448, 4, 40, 'B'),
(449, 8, 40, 'A'),
(450, 16, 40, 'A'),
(451, 21, 40, 'B'),
(452, 25, 40, 'C'),
(453, 12, 40, 'A'),
(454, 26, 40, 'B'),
(455, 5, 40, 'A'),
(456, 16, 40, 'B'),
(457, 1, 40, 'C'),
(458, 28, 40, 'C'),
(459, 9, 40, 'B'),
(460, 12, 40, 'C'),
(461, 5, 40, 'C'),
(462, 22, 40, 'A'),
(463, 22, 40, 'A'),
(464, 28, 40, 'B'),
(465, 24, 40, 'A'),
(466, 3, 40, 'B'),
(467, 5, 40, 'B'),
(468, 14, 40, 'B'),
(469, 2, 40, 'B'),
(470, 13, 40, 'A'),
(471, 7, 40, 'B'),
(472, 10, 40, 'C'),
(473, 13, 40, 'C'),
(474, 16, 40, 'B'),
(475, 14, 40, 'A'),
(476, 11, 40, 'A'),
(477, 10, 40, 'B'),
(478, 6, 40, 'B'),
(479, 21, 40, 'C'),
(480, 1, 40, 'C'),
(481, 7, 40, 'A'),
(482, 24, 40, 'C'),
(483, 9, 40, 'A'),
(484, 8, 40, 'C'),
(485, 5, 40, 'A'),
(486, 19, 40, 'B'),
(487, 10, 40, 'C'),
(488, 11, 40, 'A'),
(489, 25, 40, 'C'),
(490, 15, 40, 'B'),
(491, 6, 40, 'A'),
(492, 15, 40, 'C'),
(493, 29, 40, 'B'),
(494, 19, 40, 'B'),
(495, 22, 40, 'A'),
(496, 19, 40, 'C'),
(497, 10, 40, 'C'),
(498, 12, 40, 'B'),
(499, 4, 40, 'A'),
(500, 18, 40, 'C');

INSERT INTO aulas (id_aula_dim, codigo_aula_fuente, capacidad_aula, pabellon) VALUES
(501, 16, 40, 'C'),
(502, 8, 40, 'A'),
(503, 4, 40, 'A'),
(504, 23, 40, 'B'),
(505, 4, 40, 'C'),
(506, 5, 40, 'A'),
(507, 3, 40, 'A'),
(508, 9, 40, 'C'),
(509, 29, 40, 'A'),
(510, 18, 40, 'B'),
(511, 11, 40, 'C'),
(512, 3, 40, 'A'),
(513, 25, 40, 'B'),
(514, 23, 40, 'B'),
(515, 2, 40, 'B'),
(516, 9, 40, 'B'),
(517, 14, 40, 'A'),
(518, 4, 40, 'A'),
(519, 29, 40, 'A'),
(520, 9, 40, 'A'),
(521, 13, 40, 'B'),
(522, 18, 40, 'C'),
(523, 15, 40, 'C'),
(524, 28, 40, 'B'),
(525, 10, 40, 'B'),
(526, 16, 40, 'C'),
(527, 12, 40, 'C'),
(528, 20, 40, 'B'),
(529, 2, 40, 'A'),
(530, 1, 40, 'C'),
(531, 7, 40, 'B'),
(532, 26, 40, 'C'),
(533, 17, 40, 'A'),
(534, 16, 40, 'A'),
(535, 27, 40, 'C'),
(536, 27, 40, 'A'),
(537, 24, 40, 'B'),
(538, 3, 40, 'C'),
(539, 7, 40, 'B'),
(540, 26, 40, 'C'),
(541, 17, 40, 'B'),
(542, 23, 40, 'B'),
(543, 22, 40, 'B'),
(544, 4, 40, 'B'),
(545, 17, 40, 'A'),
(546, 27, 40, 'C'),
(547, 9, 40, 'A'),
(548, 4, 40, 'C'),
(549, 7, 40, 'C'),
(550, 2, 40, 'C'),
(551, 17, 40, 'C'),
(552, 24, 40, 'B'),
(553, 8, 40, 'A'),
(554, 23, 40, 'A'),
(555, 15, 40, 'B'),
(556, 15, 40, 'C'),
(557, 8, 40, 'A'),
(558, 16, 40, 'B'),
(559, 19, 40, 'B'),
(560, 11, 40, 'A'),
(561, 2, 40, 'A'),
(562, 23, 40, 'C'),
(563, 24, 40, 'C'),
(564, 17, 40, 'A'),
(565, 28, 40, 'C'),
(566, 16, 40, 'C'),
(567, 25, 40, 'C'),
(568, 15, 40, 'B'),
(569, 13, 40, 'C'),
(570, 27, 40, 'C'),
(571, 4, 40, 'A'),
(572, 16, 40, 'C'),
(573, 12, 40, 'A'),
(574, 4, 40, 'A'),
(575, 3, 40, 'A'),
(576, 22, 40, 'A'),
(577, 17, 40, 'A'),
(578, 22, 40, 'B'),
(579, 18, 40, 'B'),
(580, 25, 40, 'B'),
(581, 18, 40, 'A'),
(582, 23, 40, 'C'),
(583, 28, 40, 'B'),
(584, 12, 40, 'C'),
(585, 23, 40, 'A'),
(586, 21, 40, 'A'),
(587, 24, 40, 'A'),
(588, 4, 40, 'B'),
(589, 26, 40, 'B'),
(590, 23, 40, 'B'),
(591, 22, 40, 'B'),
(592, 21, 40, 'B'),
(593, 20, 40, 'A'),
(594, 15, 40, 'B'),
(595, 23, 40, 'A'),
(596, 28, 40, 'A'),
(597, 16, 40, 'B'),
(598, 5, 40, 'A'),
(599, 21, 40, 'C'),
(600, 15, 40, 'A'),
(601, 17, 40, 'A'),
(602, 18, 40, 'B'),
(603, 5, 40, 'B'),
(604, 19, 40, 'B'),
(605, 13, 40, 'C'),
(606, 18, 40, 'C'),
(607, 14, 40, 'B'),
(608, 20, 40, 'C'),
(609, 20, 40, 'A'),
(610, 19, 40, 'B'),
(611, 13, 40, 'C'),
(612, 12, 40, 'A'),
(613, 12, 40, 'B'),
(614, 4, 40, 'A'),
(615, 27, 40, 'C'),
(616, 2, 40, 'B'),
(617, 2, 40, 'A'),
(618, 5, 40, 'B'),
(619, 23, 40, 'C'),
(620, 10, 40, 'C'),
(621, 10, 40, 'B'),
(622, 13, 40, 'B'),
(623, 7, 40, 'C'),
(624, 5, 40, 'B'),
(625, 26, 40, 'B'),
(626, 10, 40, 'A'),
(627, 10, 40, 'A'),
(628, 27, 40, 'C'),
(629, 28, 40, 'C'),
(630, 8, 40, 'B'),
(631, 1, 40, 'B'),
(632, 28, 40, 'B'),
(633, 7, 40, 'B'),
(634, 14, 40, 'C'),
(635, 21, 40, 'A'),
(636, 21, 40, 'C'),
(637, 17, 40, 'B'),
(638, 9, 40, 'A'),
(639, 17, 40, 'B'),
(640, 5, 40, 'A'),
(641, 26, 40, 'C'),
(642, 25, 40, 'B'),
(643, 20, 40, 'B'),
(644, 29, 40, 'A'),
(645, 8, 40, 'A'),
(646, 6, 40, 'B'),
(647, 11, 40, 'A'),
(648, 19, 40, 'B'),
(649, 4, 40, 'A'),
(650, 18, 40, 'C'),
(651, 1, 40, 'A'),
(652, 13, 40, 'C'),
(653, 14, 40, 'A'),
(654, 1, 40, 'B'),
(655, 11, 40, 'A'),
(656, 17, 40, 'C'),
(657, 4, 40, 'A'),
(658, 26, 40, 'B'),
(659, 12, 40, 'C'),
(660, 6, 40, 'B'),
(661, 25, 40, 'B'),
(662, 7, 40, 'C'),
(663, 21, 40, 'C'),
(664, 28, 40, 'B'),
(665, 16, 40, 'A'),
(666, 14, 40, 'C'),
(667, 23, 40, 'A'),
(668, 20, 40, 'C'),
(669, 20, 40, 'A'),
(670, 6, 40, 'C'),
(671, 25, 40, 'A'),
(672, 28, 40, 'A'),
(673, 5, 40, 'C'),
(674, 24, 40, 'C'),
(675, 21, 40, 'A'),
(676, 18, 40, 'A'),
(677, 6, 40, 'C'),
(678, 25, 40, 'C'),
(679, 29, 40, 'A'),
(680, 19, 40, 'C'),
(681, 1, 40, 'B'),
(682, 1, 40, 'A'),
(683, 13, 40, 'C'),
(684, 21, 40, 'A'),
(685, 3, 40, 'C'),
(686, 9, 40, 'B'),
(687, 8, 40, 'B'),
(688, 3, 40, 'C'),
(689, 25, 40, 'C'),
(690, 13, 40, 'C'),
(691, 6, 40, 'A'),
(692, 20, 40, 'C'),
(693, 20, 40, 'C'),
(694, 12, 40, 'A'),
(695, 13, 40, 'B'),
(696, 2, 40, 'A'),
(697, 21, 40, 'B'),
(698, 24, 40, 'C'),
(699, 23, 40, 'C'),
(700, 16, 40, 'A'),
(701, 19, 40, 'A'),
(702, 17, 40, 'B'),
(703, 9, 40, 'C'),
(704, 17, 40, 'A'),
(705, 29, 40, 'B'),
(706, 2, 40, 'B'),
(707, 19, 40, 'A'),
(708, 7, 40, 'B'),
(709, 22, 40, 'B'),
(710, 27, 40, 'C'),
(711, 20, 40, 'A'),
(712, 17, 40, 'A'),
(713, 27, 40, 'C'),
(714, 15, 40, 'A'),
(715, 2, 40, 'B'),
(716, 4, 40, 'B'),
(717, 19, 40, 'B'),
(718, 17, 40, 'C'),
(719, 7, 40, 'C'),
(720, 18, 40, 'A'),
(721, 21, 40, 'B'),
(722, 22, 40, 'A'),
(723, 27, 40, 'A'),
(724, 7, 40, 'A'),
(725, 17, 40, 'C'),
(726, 7, 40, 'A'),
(727, 4, 40, 'A'),
(728, 8, 40, 'A'),
(729, 13, 40, 'C'),
(730, 4, 40, 'C'),
(731, 6, 40, 'C'),
(732, 25, 40, 'A'),
(733, 5, 40, 'B'),
(734, 12, 40, 'B'),
(735, 4, 40, 'B'),
(736, 24, 40, 'A'),
(737, 29, 40, 'B'),
(738, 9, 40, 'B'),
(739, 4, 40, 'B'),
(740, 19, 40, 'A'),
(741, 24, 40, 'B'),
(742, 14, 40, 'B'),
(743, 5, 40, 'A'),
(744, 18, 40, 'C'),
(745, 25, 40, 'C'),
(746, 19, 40, 'B'),
(747, 18, 40, 'C'),
(748, 17, 40, 'C'),
(749, 24, 40, 'C'),
(750, 11, 40, 'C'),
(751, 3, 40, 'B'),
(752, 23, 40, 'B'),
(753, 1, 40, 'B'),
(754, 15, 40, 'C'),
(755, 15, 40, 'C'),
(756, 28, 40, 'B'),
(757, 24, 40, 'C'),
(758, 28, 40, 'A'),
(759, 29, 40, 'B'),
(760, 3, 40, 'A'),
(761, 22, 40, 'A'),
(762, 27, 40, 'C'),
(763, 19, 40, 'A'),
(764, 13, 40, 'A'),
(765, 12, 40, 'B'),
(766, 20, 40, 'A'),
(767, 1, 40, 'C'),
(768, 21, 40, 'C'),
(769, 1, 40, 'B'),
(770, 10, 40, 'C'),
(771, 15, 40, 'A'),
(772, 27, 40, 'C'),
(773, 7, 40, 'B'),
(774, 22, 40, 'B'),
(775, 16, 40, 'C'),
(776, 14, 40, 'A'),
(777, 27, 40, 'A'),
(778, 28, 40, 'A'),
(779, 18, 40, 'C'),
(780, 27, 40, 'B'),
(781, 7, 40, 'C'),
(782, 17, 40, 'A'),
(783, 29, 40, 'B'),
(784, 18, 40, 'A'),
(785, 8, 40, 'C'),
(786, 22, 40, 'B'),
(787, 2, 40, 'C'),
(788, 18, 40, 'A'),
(789, 28, 40, 'B'),
(790, 27, 40, 'B'),
(791, 9, 40, 'B'),
(792, 9, 40, 'C'),
(793, 14, 40, 'C'),
(794, 8, 40, 'B'),
(795, 19, 40, 'A'),
(796, 3, 40, 'B'),
(797, 18, 40, 'B'),
(798, 5, 40, 'A'),
(799, 4, 40, 'A'),
(800, 20, 40, 'C'),
(801, 25, 40, 'B'),
(802, 12, 40, 'C'),
(803, 2, 40, 'A'),
(804, 14, 40, 'C'),
(805, 22, 40, 'A'),
(806, 23, 40, 'C'),
(807, 16, 40, 'B'),
(808, 29, 40, 'C'),
(809, 6, 40, 'C'),
(810, 23, 40, 'A'),
(811, 24, 40, 'C'),
(812, 25, 40, 'B'),
(813, 1, 40, 'B'),
(814, 7, 40, 'B'),
(815, 25, 40, 'A'),
(816, 12, 40, 'B'),
(817, 10, 40, 'A'),
(818, 5, 40, 'A'),
(819, 12, 40, 'B'),
(820, 18, 40, 'B'),
(821, 10, 40, 'C'),
(822, 6, 40, 'B'),
(823, 7, 40, 'B'),
(824, 18, 40, 'B'),
(825, 10, 40, 'C'),
(826, 15, 40, 'C'),
(827, 12, 40, 'B'),
(828, 26, 40, 'B'),
(829, 17, 40, 'C'),
(830, 4, 40, 'A'),
(831, 7, 40, 'A'),
(832, 19, 40, 'C'),
(833, 28, 40, 'C'),
(834, 23, 40, 'C'),
(835, 2, 40, 'C'),
(836, 6, 40, 'A'),
(837, 18, 40, 'A'),
(838, 13, 40, 'B'),
(839, 2, 40, 'C'),
(840, 12, 40, 'B'),
(841, 15, 40, 'B'),
(842, 6, 40, 'A'),
(843, 5, 40, 'C'),
(844, 18, 40, 'A'),
(845, 3, 40, 'C'),
(846, 3, 40, 'A'),
(847, 22, 40, 'B'),
(848, 22, 40, 'B'),
(849, 19, 40, 'B'),
(850, 3, 40, 'C'),
(851, 29, 40, 'C'),
(852, 17, 40, 'A'),
(853, 13, 40, 'B'),
(854, 24, 40, 'B'),
(855, 4, 40, 'B'),
(856, 10, 40, 'A'),
(857, 7, 40, 'C'),
(858, 24, 40, 'C'),
(859, 17, 40, 'A'),
(860, 20, 40, 'C'),
(861, 6, 40, 'A'),
(862, 19, 40, 'C'),
(863, 10, 40, 'B'),
(864, 9, 40, 'B'),
(865, 27, 40, 'A'),
(866, 19, 40, 'C'),
(867, 21, 40, 'C'),
(868, 24, 40, 'C'),
(869, 6, 40, 'A'),
(870, 4, 40, 'C'),
(871, 24, 40, 'B'),
(872, 27, 40, 'C'),
(873, 3, 40, 'B'),
(874, 3, 40, 'A'),
(875, 4, 40, 'B'),
(876, 25, 40, 'B'),
(877, 5, 40, 'B'),
(878, 8, 40, 'A'),
(879, 16, 40, 'A'),
(880, 22, 40, 'A'),
(881, 8, 40, 'A'),
(882, 14, 40, 'C'),
(883, 14, 40, 'B'),
(884, 27, 40, 'A'),
(885, 6, 40, 'A'),
(886, 17, 40, 'B'),
(887, 4, 40, 'B'),
(888, 8, 40, 'C'),
(889, 17, 40, 'C'),
(890, 3, 40, 'A'),
(891, 17, 40, 'B'),
(892, 9, 40, 'B'),
(893, 2, 40, 'A'),
(894, 25, 40, 'A'),
(895, 13, 40, 'C'),
(896, 20, 40, 'C'),
(897, 2, 40, 'C'),
(898, 28, 40, 'A'),
(899, 11, 40, 'C'),
(900, 22, 40, 'B'),
(901, 15, 40, 'C'),
(902, 11, 40, 'C'),
(903, 23, 40, 'B'),
(904, 3, 40, 'B'),
(905, 26, 40, 'B'),
(906, 12, 40, 'A'),
(907, 24, 40, 'A'),
(908, 20, 40, 'B'),
(909, 7, 40, 'A'),
(910, 13, 40, 'C'),
(911, 9, 40, 'C'),
(912, 21, 40, 'C'),
(913, 13, 40, 'B'),
(914, 12, 40, 'C'),
(915, 13, 40, 'B'),
(916, 24, 40, 'A'),
(917, 10, 40, 'C'),
(918, 1, 40, 'A'),
(919, 25, 40, 'B'),
(920, 8, 40, 'B'),
(921, 22, 40, 'A'),
(922, 16, 40, 'C'),
(923, 13, 40, 'C'),
(924, 3, 40, 'A'),
(925, 3, 40, 'A'),
(926, 5, 40, 'C'),
(927, 26, 40, 'C'),
(928, 11, 40, 'C'),
(929, 7, 40, 'A'),
(930, 21, 40, 'C'),
(931, 24, 40, 'B'),
(932, 20, 40, 'A'),
(933, 2, 40, 'B'),
(934, 3, 40, 'B'),
(935, 8, 40, 'A'),
(936, 11, 40, 'A'),
(937, 13, 40, 'B'),
(938, 7, 40, 'A'),
(939, 13, 40, 'B'),
(940, 6, 40, 'C'),
(941, 9, 40, 'A'),
(942, 20, 40, 'A'),
(943, 25, 40, 'C'),
(944, 18, 40, 'A'),
(945, 16, 40, 'C'),
(946, 25, 40, 'C'),
(947, 12, 40, 'A'),
(948, 7, 40, 'C'),
(949, 7, 40, 'B'),
(950, 17, 40, 'C'),
(951, 11, 40, 'B'),
(952, 6, 40, 'A'),
(953, 23, 40, 'B'),
(954, 27, 40, 'B'),
(955, 6, 40, 'B'),
(956, 6, 40, 'C'),
(957, 22, 40, 'B'),
(958, 20, 40, 'B'),
(959, 25, 40, 'C'),
(960, 15, 40, 'C'),
(961, 28, 40, 'C'),
(962, 17, 40, 'C'),
(963, 17, 40, 'A'),
(964, 1, 40, 'C'),
(965, 18, 40, 'B'),
(966, 15, 40, 'B'),
(967, 5, 40, 'C'),
(968, 7, 40, 'B'),
(969, 18, 40, 'C'),
(970, 6, 40, 'B'),
(971, 21, 40, 'C'),
(972, 5, 40, 'B'),
(973, 19, 40, 'A'),
(974, 10, 40, 'A'),
(975, 15, 40, 'A'),
(976, 27, 40, 'C'),
(977, 16, 40, 'B'),
(978, 12, 40, 'A'),
(979, 18, 40, 'B'),
(980, 23, 40, 'B'),
(981, 1, 40, 'A'),
(982, 22, 40, 'C'),
(983, 6, 40, 'B'),
(984, 3, 40, 'A'),
(985, 2, 40, 'C'),
(986, 28, 40, 'C'),
(987, 2, 40, 'B'),
(988, 27, 40, 'A'),
(989, 5, 40, 'B'),
(990, 21, 40, 'B'),
(991, 13, 40, 'B'),
(992, 24, 40, 'B'),
(993, 29, 40, 'A'),
(994, 27, 40, 'A'),
(995, 26, 40, 'A'),
(996, 13, 40, 'A'),
(997, 26, 40, 'A'),
(998, 7, 40, 'B'),
(999, 10, 40, 'A'),
(1000, 15, 40, 'B');

INSERT INTO aulas (id_aula_dim, codigo_aula_fuente, capacidad_aula, pabellon) VALUES
(1001, 21, 40, 'A'),
(1002, 6, 40, 'A'),
(1003, 23, 40, 'C'),
(1004, 28, 40, 'A'),
(1005, 2, 40, 'B'),
(1006, 26, 40, 'A'),
(1007, 16, 40, 'C'),
(1008, 9, 40, 'A'),
(1009, 29, 40, 'B'),
(1010, 22, 40, 'A'),
(1011, 29, 40, 'A'),
(1012, 26, 40, 'A'),
(1013, 19, 40, 'A'),
(1014, 7, 40, 'B'),
(1015, 3, 40, 'C'),
(1016, 29, 40, 'C'),
(1017, 20, 40, 'C'),
(1018, 11, 40, 'A'),
(1019, 26, 40, 'A'),
(1020, 1, 40, 'A');

INSERT INTO horarios (id_horario, horario_seccion) VALUES
(1, 'Mañana'),
(2, 'Taller'),
(3, 'Noche');

INSERT INTO demanda_matricula (id_registro, id_periodo, id_curso_dim, id_docente, id_aula_dim, id_horario, docente_disponible, alumnos_nuevos, alumnos_prerrequisito, alumnos_repitentes, veces_llevado, carga_academica_proyectada, duracion_semanas, laboratorio, tiempo_matricula_min, alumnos_matriculados) VALUES
(1, 7, 1, 20, 1, 3, 0, 30, 11, 12, 2, 13, 15, 0, 193, 49),
(2, 4, 2, 3, 2, 3, 1, 15, 8, 17, 2, 24, 14, 0, 225, 41),
(3, 8, 3, 37, 3, 1, 1, 28, 18, 16, 2, 15, 13, 1, 232, 60),
(4, 5, 4, 40, 4, 2, 1, 33, 28, 5, 2, 15, 13, 1, 135, 61),
(5, 7, 5, 8, 5, 1, 1, 7, 20, 9, 1, 19, 12, 0, 147, 36),
(6, 10, 6, 40, 6, 2, 1, 14, 18, 1, 1, 23, 8, 0, 164, 33),
(7, 3, 7, 44, 7, 1, 1, 5, 7, 5, 2, 15, 9, 1, 152, 17),
(8, 7, 8, 23, 8, 2, 0, 30, 21, 12, 1, 10, 8, 1, 212, 59),
(9, 8, 9, 40, 9, 2, 0, 16, 25, 17, 2, 19, 8, 1, 166, 53),
(10, 5, 10, 11, 10, 3, 1, 18, 18, 6, 1, 18, 13, 1, 205, 39),
(11, 4, 11, 46, 11, 1, 0, 29, 22, 1, 1, 20, 9, 0, 184, 48),
(12, 8, 12, 8, 12, 3, 1, 12, 7, 13, 1, 16, 13, 0, 250, 32),
(13, 8, 13, 29, 13, 3, 0, 8, 26, 4, 1, 16, 15, 0, 247, 38),
(14, 3, 14, 30, 14, 2, 1, 32, 23, 17, 1, 20, 15, 1, 214, 71),
(15, 6, 15, 10, 15, 1, 0, 11, 7, 10, 1, 16, 13, 1, 165, 32),
(16, 5, 16, 39, 16, 2, 1, 14, 16, 9, 1, 11, 14, 0, 185, 43),
(17, 2, 17, 28, 17, 2, 0, 6, 26, 10, 2, 11, 13, 1, 194, 41),
(18, 8, 18, 49, 18, 2, 1, 30, 9, 1, 2, 15, 11, 1, 167, 43),
(19, 6, 19, 36, 19, 1, 0, 18, 14, 14, 2, 16, 8, 1, 261, 45),
(20, 2, 20, 13, 20, 1, 1, 20, 13, 6, 1, 12, 14, 1, 260, 43),
(21, 5, 21, 32, 21, 2, 1, 21, 5, 8, 1, 22, 14, 1, 175, 34),
(22, 1, 22, 36, 22, 1, 1, 26, 17, 4, 2, 13, 8, 1, 153, 45),
(23, 10, 23, 37, 23, 2, 0, 8, 7, 6, 2, 23, 14, 0, 175, 25),
(24, 6, 24, 26, 24, 1, 0, 23, 23, 19, 1, 21, 8, 0, 219, 60),
(25, 9, 25, 22, 25, 1, 0, 6, 15, 1, 2, 12, 11, 0, 223, 20),
(26, 1, 26, 4, 26, 3, 1, 13, 20, 2, 2, 16, 10, 0, 176, 31),
(27, 10, 27, 31, 27, 2, 0, 23, 10, 1, 2, 16, 14, 1, 254, 38),
(28, 3, 28, 18, 28, 3, 1, 20, 28, 18, 2, 13, 12, 0, 157, 63),
(29, 7, 29, 38, 29, 3, 0, 29, 7, 3, 1, 22, 12, 0, 167, 40),
(30, 4, 30, 24, 30, 2, 0, 22, 23, 19, 2, 16, 11, 0, 154, 65),
(31, 9, 31, 23, 31, 2, 0, 27, 10, 6, 2, 14, 8, 0, 224, 38),
(32, 3, 32, 22, 32, 1, 0, 25, 12, 6, 2, 10, 12, 1, 238, 45),
(33, 5, 33, 2, 33, 2, 1, 15, 26, 16, 2, 19, 11, 1, 146, 58),
(34, 3, 34, 31, 34, 3, 0, 8, 17, 18, 1, 13, 13, 0, 185, 38),
(35, 7, 35, 11, 35, 3, 0, 29, 16, 15, 2, 16, 9, 0, 140, 62),
(36, 5, 36, 28, 36, 2, 1, 36, 14, 2, 2, 22, 12, 1, 225, 48),
(37, 9, 37, 46, 37, 3, 1, 34, 7, 14, 2, 24, 15, 1, 203, 57),
(38, 7, 38, 32, 38, 1, 0, 30, 8, 13, 2, 11, 9, 0, 257, 48),
(39, 2, 39, 5, 39, 3, 0, 38, 5, 14, 2, 11, 15, 1, 249, 61),
(40, 4, 40, 38, 40, 1, 1, 13, 17, 13, 1, 10, 8, 1, 245, 44),
(41, 9, 41, 10, 41, 3, 1, 16, 28, 6, 2, 11, 12, 0, 195, 50),
(42, 2, 42, 40, 42, 1, 1, 6, 8, 2, 2, 19, 11, 1, 241, 15),
(43, 10, 43, 46, 43, 1, 0, 9, 26, 16, 1, 23, 10, 0, 212, 55),
(44, 9, 44, 24, 44, 2, 0, 9, 15, 9, 2, 17, 12, 0, 229, 29),
(45, 10, 45, 35, 45, 1, 0, 26, 23, 14, 1, 20, 12, 1, 208, 59),
(46, 5, 46, 44, 46, 2, 1, 9, 15, 5, 2, 17, 12, 1, 182, 24),
(47, 2, 47, 48, 47, 3, 1, 8, 16, 16, 1, 17, 12, 1, 230, 43),
(48, 4, 48, 23, 48, 3, 1, 13, 15, 16, 1, 24, 15, 1, 165, 46),
(49, 7, 49, 17, 49, 3, 0, 33, 10, 13, 2, 10, 11, 1, 168, 58),
(50, 8, 50, 1, 50, 1, 1, 26, 16, 17, 1, 10, 11, 1, 221, 54),
(51, 3, 51, 31, 51, 3, 0, 31, 13, 4, 2, 21, 15, 0, 269, 47),
(52, 1, 52, 31, 52, 3, 1, 14, 29, 7, 1, 19, 10, 1, 217, 50),
(53, 4, 53, 42, 53, 2, 0, 20, 14, 6, 1, 13, 11, 0, 269, 36),
(54, 2, 54, 42, 54, 2, 0, 14, 7, 3, 2, 15, 11, 1, 181, 28),
(55, 8, 55, 34, 55, 3, 1, 10, 7, 17, 1, 17, 8, 1, 263, 33),
(56, 4, 56, 9, 56, 3, 0, 9, 24, 4, 2, 22, 14, 1, 259, 37),
(57, 2, 57, 22, 57, 1, 1, 10, 27, 15, 1, 11, 8, 1, 211, 55),
(58, 6, 58, 13, 58, 1, 0, 29, 20, 13, 1, 22, 14, 1, 137, 66),
(59, 6, 59, 25, 59, 3, 1, 8, 7, 18, 2, 12, 9, 0, 226, 28),
(60, 10, 60, 48, 60, 2, 1, 36, 14, 13, 2, 15, 10, 0, 234, 67),
(61, 4, 61, 18, 61, 3, 0, 39, 28, 8, 1, 19, 14, 0, 261, 72),
(62, 6, 62, 12, 62, 1, 1, 14, 15, 5, 2, 13, 8, 1, 202, 37),
(63, 2, 63, 40, 63, 2, 0, 38, 12, 16, 2, 21, 10, 1, 267, 61),
(64, 10, 64, 17, 64, 2, 1, 10, 10, 18, 1, 11, 10, 1, 224, 33),
(65, 2, 65, 15, 65, 1, 1, 20, 24, 11, 1, 16, 12, 0, 223, 50),
(66, 10, 66, 42, 66, 3, 1, 23, 15, 3, 2, 13, 13, 0, 144, 42),
(67, 4, 67, 15, 67, 3, 1, 38, 25, 15, 1, 17, 13, 1, 142, 77),
(68, 8, 68, 15, 68, 3, 0, 29, 16, 10, 2, 17, 13, 0, 146, 55),
(69, 7, 69, 39, 69, 1, 1, 35, 20, 3, 2, 16, 10, 1, 198, 60),
(70, 9, 70, 13, 70, 2, 1, 21, 22, 16, 2, 19, 12, 1, 252, 55),
(71, 8, 71, 17, 41, 1, 0, 34, 17, 7, 2, 18, 9, 0, 193, 54),
(72, 5, 72, 32, 71, 3, 0, 35, 26, 13, 2, 13, 9, 0, 184, 71),
(73, 2, 73, 9, 72, 1, 0, 23, 7, 1, 2, 16, 13, 0, 174, 28),
(74, 5, 74, 40, 73, 2, 0, 39, 19, 10, 1, 19, 9, 0, 256, 65),
(75, 8, 75, 20, 74, 1, 0, 33, 26, 10, 2, 19, 12, 1, 231, 67),
(76, 10, 76, 26, 75, 3, 0, 5, 25, 5, 1, 24, 13, 1, 261, 32),
(77, 9, 77, 27, 76, 2, 1, 8, 18, 13, 2, 21, 14, 0, 221, 35),
(78, 9, 78, 21, 77, 1, 0, 32, 22, 9, 1, 10, 14, 0, 211, 66),
(79, 1, 79, 18, 78, 1, 1, 22, 18, 7, 1, 13, 12, 0, 255, 47),
(80, 9, 80, 13, 79, 2, 0, 30, 9, 6, 1, 11, 15, 0, 245, 42),
(81, 7, 81, 16, 80, 2, 1, 23, 25, 7, 2, 18, 9, 1, 263, 58),
(82, 9, 82, 9, 81, 3, 1, 10, 18, 7, 1, 14, 13, 1, 175, 33),
(83, 8, 83, 12, 82, 2, 1, 5, 29, 1, 1, 12, 14, 1, 157, 33),
(84, 1, 84, 44, 83, 3, 0, 12, 12, 15, 2, 13, 12, 1, 212, 41),
(85, 8, 85, 38, 84, 1, 0, 37, 27, 8, 1, 15, 11, 1, 145, 73),
(86, 8, 86, 19, 85, 3, 0, 25, 19, 12, 1, 19, 14, 1, 205, 57),
(87, 3, 87, 7, 86, 1, 0, 28, 19, 11, 2, 10, 11, 1, 160, 62),
(88, 1, 88, 35, 53, 2, 1, 29, 23, 16, 1, 16, 12, 0, 164, 69),
(89, 8, 89, 48, 87, 1, 0, 23, 24, 1, 1, 17, 12, 1, 236, 52),
(90, 3, 90, 18, 88, 2, 1, 33, 10, 12, 2, 16, 8, 0, 203, 54),
(91, 3, 91, 16, 89, 1, 1, 14, 23, 0, 1, 16, 14, 0, 267, 38),
(92, 1, 92, 39, 90, 1, 0, 16, 29, 18, 1, 18, 8, 0, 195, 61),
(93, 5, 93, 4, 91, 1, 0, 37, 12, 10, 1, 22, 10, 1, 240, 61),
(94, 10, 94, 25, 92, 1, 0, 11, 10, 4, 1, 13, 14, 1, 157, 28),
(95, 7, 95, 32, 93, 3, 1, 21, 24, 0, 2, 23, 13, 1, 247, 42),
(96, 10, 96, 40, 94, 1, 0, 14, 27, 19, 2, 16, 10, 1, 164, 61),
(97, 9, 97, 13, 95, 3, 1, 35, 19, 12, 2, 18, 10, 0, 201, 70),
(98, 7, 98, 45, 96, 2, 0, 10, 7, 7, 2, 24, 9, 1, 265, 27),
(99, 9, 99, 17, 97, 2, 1, 21, 14, 5, 1, 14, 11, 0, 255, 35),
(100, 8, 100, 49, 98, 3, 0, 22, 19, 16, 2, 11, 9, 1, 217, 53),
(101, 2, 101, 37, 99, 2, 0, 30, 28, 11, 2, 24, 13, 1, 196, 70),
(102, 1, 102, 6, 100, 2, 1, 20, 20, 0, 1, 14, 12, 0, 191, 36),
(103, 7, 103, 19, 101, 1, 0, 12, 21, 2, 1, 13, 8, 0, 135, 36),
(104, 7, 104, 13, 61, 1, 0, 28, 23, 13, 1, 17, 13, 0, 236, 59),
(105, 8, 105, 26, 102, 1, 0, 17, 15, 7, 2, 24, 12, 1, 203, 36),
(106, 5, 106, 14, 103, 3, 0, 33, 20, 10, 1, 14, 13, 1, 193, 62),
(107, 3, 107, 31, 104, 3, 0, 36, 9, 13, 1, 18, 12, 0, 180, 58),
(108, 8, 108, 4, 105, 2, 0, 28, 9, 7, 1, 18, 14, 1, 240, 47),
(109, 6, 109, 39, 106, 1, 0, 20, 18, 2, 2, 12, 8, 0, 168, 43),
(110, 3, 110, 8, 107, 3, 1, 15, 22, 6, 2, 22, 12, 1, 235, 40),
(111, 1, 111, 25, 108, 3, 1, 36, 12, 18, 2, 19, 10, 0, 231, 68),
(112, 3, 112, 13, 109, 1, 0, 10, 9, 3, 2, 24, 13, 0, 163, 20),
(113, 5, 113, 32, 110, 3, 0, 39, 11, 15, 2, 15, 8, 1, 257, 66),
(114, 3, 114, 38, 111, 1, 0, 37, 20, 12, 2, 15, 12, 0, 207, 69),
(115, 1, 115, 38, 112, 2, 1, 22, 27, 19, 2, 13, 10, 1, 138, 70),
(116, 5, 116, 28, 113, 2, 1, 17, 18, 18, 1, 20, 10, 1, 172, 53),
(117, 10, 117, 30, 114, 2, 0, 14, 9, 4, 1, 22, 14, 0, 154, 25),
(118, 7, 118, 3, 115, 1, 1, 30, 28, 4, 1, 19, 11, 0, 247, 58),
(119, 7, 119, 28, 116, 3, 0, 21, 13, 19, 2, 12, 10, 1, 157, 54),
(120, 9, 120, 3, 117, 2, 0, 5, 8, 3, 2, 10, 9, 1, 245, 14),
(121, 10, 121, 45, 118, 2, 0, 29, 8, 1, 1, 21, 8, 0, 179, 41),
(122, 10, 122, 34, 119, 2, 0, 38, 20, 12, 1, 16, 8, 0, 231, 73),
(123, 3, 123, 16, 120, 3, 1, 14, 28, 15, 2, 24, 15, 0, 167, 58),
(124, 7, 124, 22, 121, 3, 1, 24, 21, 1, 2, 24, 8, 1, 269, 45),
(125, 1, 125, 32, 122, 1, 0, 11, 19, 18, 2, 14, 12, 1, 156, 45),
(126, 4, 126, 38, 123, 2, 1, 20, 8, 16, 2, 23, 13, 1, 267, 41),
(127, 4, 127, 8, 124, 3, 1, 33, 10, 4, 2, 19, 12, 0, 149, 50),
(128, 5, 128, 8, 122, 1, 0, 16, 20, 17, 2, 24, 9, 0, 155, 56),
(129, 7, 129, 6, 43, 2, 1, 21, 8, 17, 2, 16, 15, 1, 260, 44),
(130, 7, 130, 14, 125, 3, 0, 24, 10, 7, 2, 10, 13, 1, 223, 36),
(131, 4, 131, 32, 126, 3, 0, 30, 9, 14, 1, 17, 14, 0, 151, 57),
(132, 7, 132, 35, 127, 1, 0, 23, 20, 12, 2, 12, 10, 1, 190, 54),
(133, 3, 133, 10, 128, 2, 0, 16, 29, 12, 2, 16, 15, 0, 184, 59),
(134, 6, 134, 3, 129, 2, 1, 25, 20, 15, 2, 21, 12, 0, 269, 64),
(135, 2, 135, 12, 130, 3, 0, 38, 14, 19, 1, 12, 13, 0, 252, 69),
(136, 10, 136, 49, 131, 2, 1, 11, 13, 12, 1, 23, 10, 1, 256, 40),
(137, 9, 137, 31, 132, 1, 0, 39, 8, 19, 2, 12, 13, 1, 184, 70),
(138, 5, 138, 29, 133, 3, 0, 19, 18, 1, 1, 19, 10, 0, 194, 36),
(139, 6, 139, 5, 134, 3, 1, 5, 8, 2, 1, 18, 13, 0, 259, 18),
(140, 4, 140, 25, 135, 1, 0, 30, 16, 14, 1, 22, 12, 1, 250, 63),
(141, 10, 141, 41, 136, 3, 1, 39, 28, 18, 2, 11, 15, 0, 269, 86),
(142, 7, 142, 31, 137, 2, 1, 29, 14, 12, 2, 23, 12, 1, 222, 59),
(143, 9, 143, 21, 138, 2, 0, 19, 8, 4, 2, 13, 9, 1, 239, 33),
(144, 7, 144, 20, 139, 3, 0, 26, 22, 5, 2, 15, 14, 1, 189, 51),
(145, 1, 145, 39, 140, 1, 0, 10, 17, 13, 2, 23, 14, 0, 198, 42),
(146, 1, 146, 22, 141, 1, 0, 19, 17, 3, 2, 12, 11, 0, 230, 39),
(147, 9, 147, 4, 44, 2, 0, 28, 18, 18, 2, 21, 8, 0, 178, 61),
(148, 9, 148, 13, 142, 1, 0, 25, 22, 6, 1, 19, 12, 0, 264, 54),
(149, 4, 149, 45, 143, 3, 1, 11, 5, 3, 2, 23, 12, 1, 184, 16),
(150, 9, 150, 42, 144, 3, 1, 33, 25, 1, 2, 19, 10, 0, 245, 60),
(151, 3, 151, 49, 145, 2, 0, 36, 20, 6, 2, 16, 11, 1, 233, 61),
(152, 7, 152, 20, 146, 2, 1, 36, 19, 2, 2, 16, 14, 0, 218, 55),
(153, 6, 153, 13, 147, 2, 1, 9, 26, 14, 2, 24, 12, 0, 164, 46),
(154, 8, 154, 17, 148, 1, 0, 8, 29, 0, 2, 14, 13, 0, 199, 39),
(155, 9, 155, 36, 149, 3, 0, 26, 9, 1, 2, 12, 14, 0, 158, 34),
(156, 5, 156, 33, 150, 3, 1, 22, 10, 9, 2, 11, 11, 0, 224, 43),
(157, 1, 157, 1, 151, 3, 0, 39, 10, 15, 1, 24, 8, 1, 240, 68),
(158, 3, 158, 15, 152, 2, 1, 21, 7, 14, 1, 24, 13, 0, 211, 39),
(159, 10, 159, 13, 153, 3, 0, 28, 20, 14, 2, 13, 10, 0, 202, 66),
(160, 8, 160, 17, 154, 1, 1, 6, 16, 13, 2, 23, 9, 0, 243, 38),
(161, 6, 161, 24, 155, 1, 1, 17, 8, 13, 1, 24, 13, 0, 231, 38),
(162, 8, 162, 8, 156, 3, 1, 19, 5, 5, 2, 22, 15, 0, 267, 28),
(163, 9, 163, 27, 157, 2, 1, 9, 8, 13, 2, 13, 14, 1, 226, 29),
(164, 4, 164, 45, 158, 3, 0, 7, 5, 16, 1, 20, 15, 0, 222, 25),
(165, 1, 165, 23, 159, 1, 0, 7, 25, 17, 2, 17, 8, 1, 184, 45),
(166, 1, 166, 46, 160, 1, 1, 39, 12, 19, 2, 17, 13, 0, 237, 70),
(167, 10, 167, 8, 161, 1, 1, 27, 28, 18, 2, 22, 11, 1, 246, 68),
(168, 4, 168, 8, 162, 3, 0, 32, 9, 16, 1, 14, 11, 0, 180, 58),
(169, 7, 169, 26, 163, 1, 0, 34, 6, 15, 1, 22, 8, 0, 145, 54),
(170, 2, 170, 47, 164, 2, 1, 22, 16, 7, 2, 15, 14, 1, 146, 43),
(171, 3, 171, 13, 165, 3, 1, 37, 26, 6, 1, 17, 11, 0, 198, 72),
(172, 1, 172, 39, 166, 3, 1, 30, 21, 19, 1, 24, 13, 1, 142, 74),
(173, 5, 173, 37, 167, 1, 1, 21, 11, 11, 1, 10, 9, 0, 143, 38),
(174, 1, 174, 49, 168, 1, 1, 11, 15, 8, 2, 14, 13, 1, 264, 32),
(175, 8, 175, 28, 169, 2, 0, 12, 8, 13, 1, 13, 9, 1, 212, 30),
(176, 1, 176, 25, 170, 3, 1, 35, 9, 19, 1, 13, 11, 1, 136, 63),
(177, 1, 177, 16, 171, 1, 0, 16, 10, 0, 1, 20, 13, 0, 208, 25),
(178, 2, 178, 2, 172, 2, 0, 35, 15, 9, 2, 11, 11, 1, 265, 60),
(179, 2, 179, 18, 173, 1, 0, 23, 5, 16, 1, 19, 14, 0, 268, 39),
(180, 6, 180, 17, 174, 3, 1, 14, 29, 16, 1, 10, 9, 1, 221, 58),
(181, 7, 181, 30, 175, 1, 0, 16, 14, 16, 2, 23, 14, 1, 139, 42),
(182, 5, 182, 39, 176, 3, 0, 24, 24, 3, 1, 24, 11, 1, 265, 47),
(183, 1, 183, 13, 177, 1, 0, 11, 28, 16, 1, 15, 12, 0, 148, 51),
(184, 1, 184, 32, 178, 3, 0, 18, 25, 17, 1, 16, 10, 0, 258, 63),
(185, 3, 185, 29, 179, 2, 1, 15, 15, 19, 2, 14, 13, 0, 177, 53),
(186, 2, 186, 46, 180, 3, 1, 11, 28, 1, 2, 24, 12, 1, 162, 37),
(187, 5, 187, 30, 181, 2, 0, 33, 21, 7, 1, 17, 14, 0, 158, 59),
(188, 10, 188, 18, 182, 3, 0, 14, 12, 12, 1, 18, 15, 0, 151, 37),
(189, 6, 189, 13, 183, 2, 1, 33, 17, 19, 1, 20, 11, 1, 217, 67),
(190, 7, 190, 43, 184, 1, 1, 13, 24, 14, 1, 20, 11, 1, 179, 49),
(191, 4, 191, 21, 185, 3, 1, 14, 22, 19, 1, 11, 10, 0, 208, 54),
(192, 7, 192, 30, 186, 1, 0, 23, 26, 8, 1, 20, 11, 0, 195, 61),
(193, 8, 193, 21, 187, 2, 1, 35, 20, 2, 2, 22, 10, 0, 172, 60),
(194, 1, 194, 48, 188, 3, 0, 21, 6, 2, 1, 13, 13, 1, 200, 32),
(195, 6, 195, 17, 189, 3, 0, 13, 9, 1, 1, 20, 9, 1, 167, 23),
(196, 8, 196, 40, 190, 1, 1, 37, 22, 0, 1, 18, 10, 1, 177, 56),
(197, 5, 197, 19, 191, 3, 0, 38, 7, 13, 2, 14, 10, 1, 246, 58),
(198, 4, 198, 15, 192, 3, 1, 28, 26, 16, 1, 12, 12, 1, 169, 74),
(199, 2, 199, 9, 193, 1, 0, 13, 21, 12, 2, 15, 11, 0, 171, 44),
(200, 6, 200, 10, 194, 3, 1, 11, 20, 18, 1, 24, 13, 0, 234, 46),
(201, 6, 201, 44, 195, 1, 0, 20, 10, 14, 1, 12, 9, 0, 157, 44),
(202, 1, 202, 31, 196, 1, 0, 23, 23, 13, 1, 23, 8, 1, 223, 59),
(203, 9, 203, 23, 197, 1, 1, 10, 11, 1, 1, 14, 14, 1, 149, 18),
(204, 6, 204, 30, 198, 1, 1, 15, 22, 6, 1, 12, 10, 0, 266, 46),
(205, 3, 205, 33, 199, 1, 1, 16, 18, 16, 1, 15, 8, 0, 156, 52),
(206, 4, 206, 9, 200, 2, 1, 17, 10, 17, 2, 21, 11, 0, 212, 44),
(207, 4, 207, 47, 201, 2, 0, 16, 12, 5, 1, 19, 14, 1, 206, 28),
(208, 3, 208, 1, 202, 1, 1, 25, 19, 7, 1, 14, 10, 1, 232, 47),
(209, 10, 209, 44, 203, 2, 1, 14, 19, 1, 1, 23, 15, 1, 224, 32),
(210, 3, 210, 35, 204, 2, 0, 24, 19, 0, 2, 18, 15, 1, 243, 44),
(211, 3, 211, 11, 205, 3, 1, 32, 20, 15, 1, 12, 8, 1, 228, 70),
(212, 4, 212, 34, 206, 1, 1, 28, 5, 6, 2, 15, 12, 0, 214, 43),
(213, 7, 213, 16, 207, 2, 0, 9, 15, 10, 1, 17, 8, 0, 228, 33),
(214, 4, 214, 9, 208, 3, 1, 16, 29, 14, 1, 16, 14, 1, 214, 63),
(215, 9, 215, 32, 209, 3, 1, 39, 9, 12, 2, 15, 12, 1, 172, 56),
(216, 1, 216, 15, 210, 1, 1, 6, 9, 1, 2, 23, 14, 0, 268, 11),
(217, 8, 217, 12, 211, 1, 1, 13, 25, 13, 1, 24, 9, 1, 268, 55),
(218, 7, 218, 33, 212, 3, 1, 26, 10, 5, 2, 11, 11, 1, 160, 36),
(219, 2, 219, 45, 213, 1, 1, 9, 6, 8, 2, 24, 15, 0, 235, 22),
(220, 8, 220, 14, 214, 1, 0, 16, 10, 6, 1, 16, 13, 1, 209, 33),
(221, 1, 221, 8, 215, 3, 1, 5, 18, 17, 1, 17, 8, 1, 172, 43),
(222, 9, 222, 8, 216, 3, 0, 26, 15, 8, 1, 10, 10, 0, 217, 52),
(223, 9, 223, 27, 217, 1, 0, 23, 8, 3, 2, 24, 14, 1, 190, 36),
(224, 2, 224, 12, 218, 2, 0, 20, 28, 8, 1, 18, 14, 1, 239, 51),
(225, 7, 225, 1, 219, 1, 0, 35, 29, 3, 1, 13, 11, 0, 165, 66),
(226, 10, 226, 43, 220, 2, 1, 7, 13, 11, 2, 17, 8, 0, 192, 31),
(227, 3, 227, 40, 221, 3, 1, 27, 28, 3, 2, 24, 10, 1, 207, 58),
(228, 7, 228, 42, 222, 2, 1, 22, 7, 19, 1, 19, 10, 0, 266, 46),
(229, 10, 229, 11, 223, 3, 0, 30, 20, 13, 2, 16, 14, 0, 144, 58),
(230, 9, 230, 39, 224, 1, 1, 17, 15, 6, 2, 23, 13, 1, 207, 35),
(231, 4, 231, 43, 225, 1, 1, 22, 8, 12, 2, 22, 14, 0, 149, 46),
(232, 1, 232, 31, 226, 3, 1, 7, 5, 7, 1, 19, 13, 1, 232, 17),
(233, 2, 233, 17, 227, 3, 0, 27, 29, 4, 1, 16, 14, 0, 197, 58),
(234, 1, 234, 33, 119, 3, 0, 7, 25, 11, 1, 11, 14, 0, 153, 41),
(235, 5, 235, 32, 228, 1, 1, 29, 26, 12, 2, 10, 10, 1, 247, 66),
(236, 5, 236, 29, 229, 1, 0, 31, 20, 19, 1, 13, 13, 1, 197, 73),
(237, 7, 237, 21, 230, 2, 0, 31, 23, 13, 1, 21, 10, 1, 250, 65),
(238, 9, 238, 21, 231, 3, 1, 29, 20, 17, 2, 11, 8, 0, 155, 69),
(239, 9, 239, 40, 232, 2, 0, 28, 15, 19, 2, 17, 14, 1, 215, 65),
(240, 3, 240, 23, 233, 1, 0, 12, 12, 3, 1, 19, 9, 1, 200, 22),
(241, 3, 241, 6, 234, 2, 1, 13, 27, 17, 2, 16, 13, 0, 199, 56),
(242, 3, 242, 22, 235, 2, 0, 34, 5, 6, 1, 17, 12, 0, 177, 48),
(243, 4, 243, 38, 236, 1, 0, 23, 25, 14, 1, 20, 15, 0, 191, 60),
(244, 8, 244, 37, 237, 1, 0, 20, 13, 5, 1, 15, 12, 1, 171, 37),
(245, 6, 245, 45, 238, 3, 0, 28, 16, 15, 2, 10, 12, 0, 254, 57),
(246, 8, 246, 8, 239, 2, 0, 25, 26, 19, 2, 23, 9, 0, 203, 66),
(247, 1, 247, 41, 240, 1, 0, 10, 12, 7, 1, 22, 10, 1, 190, 33),
(248, 8, 248, 49, 241, 1, 0, 9, 21, 15, 1, 22, 10, 0, 253, 41),
(249, 4, 249, 35, 242, 2, 0, 18, 14, 15, 1, 21, 15, 0, 189, 43),
(250, 1, 250, 11, 243, 1, 1, 8, 11, 2, 1, 18, 15, 1, 172, 16),
(251, 8, 251, 24, 244, 3, 1, 12, 23, 16, 2, 15, 11, 0, 149, 48),
(252, 4, 252, 49, 245, 3, 1, 28, 29, 8, 1, 21, 15, 1, 211, 69),
(253, 6, 253, 21, 246, 2, 1, 15, 10, 2, 1, 22, 12, 1, 187, 22),
(254, 8, 254, 2, 247, 3, 0, 21, 25, 19, 2, 19, 12, 1, 141, 63),
(255, 4, 255, 40, 248, 1, 1, 25, 28, 6, 1, 10, 10, 1, 189, 54),
(256, 3, 256, 19, 249, 1, 1, 30, 28, 17, 1, 10, 12, 1, 186, 73),
(257, 9, 257, 39, 250, 1, 0, 31, 23, 11, 1, 17, 10, 0, 138, 62),
(258, 3, 258, 28, 251, 1, 0, 20, 22, 18, 1, 15, 14, 1, 177, 63),
(259, 9, 259, 17, 252, 2, 0, 30, 19, 15, 1, 17, 14, 1, 174, 59),
(260, 2, 260, 6, 253, 3, 0, 37, 6, 16, 2, 17, 10, 1, 255, 61),
(261, 2, 261, 19, 254, 3, 0, 35, 18, 19, 2, 24, 13, 1, 164, 75),
(262, 2, 262, 38, 255, 1, 1, 10, 25, 14, 2, 20, 10, 0, 237, 50),
(263, 6, 263, 28, 256, 2, 0, 12, 14, 0, 2, 23, 8, 0, 141, 21),
(264, 3, 264, 2, 257, 1, 1, 11, 20, 1, 1, 17, 8, 0, 243, 30),
(265, 9, 265, 38, 258, 1, 1, 38, 11, 7, 2, 19, 8, 1, 154, 60),
(266, 4, 266, 37, 259, 2, 0, 18, 12, 1, 2, 24, 8, 0, 183, 26),
(267, 1, 267, 4, 260, 2, 1, 20, 14, 18, 2, 16, 9, 0, 230, 50),
(268, 4, 268, 22, 261, 1, 1, 13, 19, 8, 2, 16, 11, 1, 193, 37),
(269, 1, 269, 26, 262, 3, 0, 14, 12, 8, 2, 19, 11, 1, 224, 30),
(270, 5, 270, 49, 263, 1, 1, 21, 17, 12, 2, 13, 10, 0, 160, 45),
(271, 4, 271, 43, 264, 3, 1, 16, 16, 5, 2, 18, 14, 0, 170, 37),
(272, 8, 272, 36, 265, 3, 1, 10, 12, 14, 2, 21, 12, 0, 260, 37),
(273, 8, 273, 13, 266, 2, 0, 23, 19, 18, 1, 11, 8, 0, 177, 60),
(274, 7, 274, 32, 267, 2, 0, 33, 16, 14, 2, 20, 11, 1, 233, 66),
(275, 3, 275, 17, 268, 1, 0, 10, 15, 17, 1, 18, 11, 1, 167, 45),
(276, 1, 276, 41, 269, 3, 1, 29, 23, 6, 2, 19, 8, 1, 234, 54),
(277, 1, 277, 36, 270, 3, 0, 28, 18, 10, 2, 12, 14, 1, 231, 52),
(278, 3, 278, 46, 271, 1, 1, 29, 22, 7, 2, 23, 9, 1, 179, 61),
(279, 6, 279, 19, 272, 1, 0, 20, 17, 5, 1, 22, 9, 0, 222, 37),
(280, 7, 280, 35, 273, 1, 1, 20, 8, 7, 1, 24, 15, 1, 229, 34),
(281, 6, 281, 46, 189, 2, 0, 10, 21, 1, 2, 11, 11, 1, 151, 27),
(282, 6, 282, 40, 274, 1, 0, 25, 23, 18, 1, 22, 15, 0, 156, 67),
(283, 6, 283, 28, 275, 1, 1, 8, 13, 15, 2, 13, 9, 1, 224, 39),
(284, 3, 284, 1, 276, 3, 0, 38, 27, 6, 1, 14, 13, 0, 212, 71),
(285, 6, 285, 42, 277, 1, 1, 32, 11, 9, 1, 11, 8, 1, 248, 48),
(286, 8, 286, 18, 278, 3, 0, 32, 5, 11, 1, 22, 14, 1, 202, 48),
(287, 2, 287, 48, 279, 3, 0, 21, 11, 16, 2, 24, 11, 1, 244, 51),
(288, 5, 288, 40, 280, 2, 1, 18, 11, 6, 1, 10, 8, 0, 259, 32),
(289, 1, 289, 33, 281, 1, 1, 11, 24, 7, 1, 19, 9, 1, 191, 45),
(290, 1, 290, 12, 31, 1, 1, 26, 11, 6, 2, 20, 8, 0, 189, 45),
(291, 5, 291, 8, 282, 3, 0, 5, 12, 3, 1, 14, 9, 1, 216, 21),
(292, 3, 292, 24, 283, 2, 1, 33, 20, 2, 2, 18, 14, 1, 241, 57),
(293, 4, 293, 16, 212, 2, 0, 35, 7, 18, 2, 24, 9, 0, 236, 64),
(294, 3, 294, 4, 284, 1, 1, 34, 17, 14, 1, 21, 8, 0, 245, 65),
(295, 1, 295, 38, 285, 3, 1, 19, 14, 3, 2, 21, 14, 1, 241, 33),
(296, 1, 296, 44, 286, 1, 1, 22, 22, 8, 1, 24, 9, 0, 236, 53),
(297, 5, 297, 27, 287, 1, 1, 39, 11, 12, 1, 14, 15, 1, 137, 60),
(298, 6, 298, 9, 288, 1, 1, 34, 25, 17, 2, 21, 13, 1, 159, 80),
(299, 3, 299, 47, 289, 1, 1, 38, 25, 15, 1, 20, 10, 0, 209, 77),
(300, 9, 300, 16, 290, 3, 0, 15, 9, 0, 1, 19, 8, 0, 195, 26),
(301, 5, 301, 12, 291, 2, 1, 31, 27, 3, 2, 18, 10, 0, 257, 62),
(302, 8, 302, 31, 292, 1, 0, 28, 29, 17, 2, 23, 8, 1, 189, 75),
(303, 1, 303, 24, 293, 1, 1, 39, 28, 7, 1, 22, 9, 0, 173, 76),
(304, 5, 304, 14, 294, 1, 1, 12, 26, 19, 2, 21, 9, 1, 217, 61),
(305, 3, 305, 45, 295, 1, 1, 22, 11, 15, 2, 19, 14, 0, 168, 45),
(306, 1, 306, 25, 296, 2, 0, 17, 29, 10, 2, 15, 11, 0, 247, 53),
(307, 4, 307, 34, 297, 2, 0, 28, 26, 19, 2, 12, 13, 0, 161, 69),
(308, 5, 308, 3, 298, 2, 1, 27, 21, 18, 1, 13, 15, 0, 165, 61),
(309, 7, 309, 24, 299, 2, 0, 16, 8, 18, 1, 13, 11, 0, 217, 46),
(310, 1, 310, 42, 300, 1, 1, 34, 28, 17, 2, 10, 10, 1, 144, 79),
(311, 3, 311, 9, 110, 3, 1, 35, 27, 18, 1, 12, 9, 0, 174, 80),
(312, 2, 312, 26, 301, 2, 0, 32, 20, 10, 2, 12, 11, 0, 188, 66),
(313, 9, 313, 20, 302, 2, 0, 26, 23, 2, 2, 22, 9, 1, 269, 53),
(314, 10, 314, 40, 303, 1, 0, 32, 14, 7, 1, 23, 8, 1, 138, 53),
(315, 6, 315, 10, 304, 1, 0, 17, 7, 19, 1, 10, 11, 1, 140, 43),
(316, 10, 316, 19, 305, 1, 1, 29, 7, 18, 1, 22, 10, 1, 207, 49),
(317, 3, 317, 3, 306, 1, 0, 11, 21, 9, 1, 18, 14, 0, 192, 42),
(318, 8, 318, 24, 307, 3, 0, 10, 14, 15, 2, 20, 11, 0, 211, 40),
(319, 8, 319, 5, 308, 3, 1, 28, 21, 4, 2, 10, 9, 1, 153, 57),
(320, 2, 320, 3, 309, 2, 0, 23, 26, 19, 1, 18, 12, 0, 196, 71),
(321, 6, 321, 27, 310, 3, 0, 23, 21, 8, 2, 10, 12, 1, 205, 53),
(322, 7, 322, 16, 311, 2, 0, 13, 25, 7, 1, 11, 14, 1, 159, 47),
(323, 2, 323, 49, 312, 2, 0, 33, 8, 10, 1, 11, 14, 0, 261, 49),
(324, 10, 324, 15, 313, 3, 1, 28, 25, 15, 1, 23, 13, 0, 192, 71),
(325, 2, 325, 35, 242, 2, 1, 9, 27, 6, 2, 15, 14, 1, 254, 37),
(326, 10, 326, 12, 314, 1, 0, 30, 10, 14, 2, 16, 9, 0, 245, 56),
(327, 1, 327, 41, 315, 2, 0, 18, 16, 19, 1, 20, 15, 1, 210, 50),
(328, 8, 328, 44, 316, 1, 1, 33, 29, 16, 1, 10, 8, 1, 204, 73),
(329, 1, 329, 26, 317, 3, 0, 10, 26, 5, 1, 12, 11, 1, 200, 37),
(330, 9, 330, 47, 318, 3, 0, 11, 29, 14, 1, 11, 14, 1, 254, 54),
(331, 6, 331, 34, 319, 2, 0, 22, 24, 7, 2, 17, 12, 0, 221, 52),
(332, 7, 332, 23, 320, 1, 0, 27, 21, 6, 2, 18, 8, 1, 256, 51),
(333, 10, 333, 31, 321, 2, 0, 5, 21, 1, 1, 22, 15, 1, 183, 30),
(334, 7, 334, 20, 322, 3, 0, 8, 14, 12, 1, 11, 9, 1, 182, 36),
(335, 10, 335, 12, 323, 2, 0, 39, 11, 5, 2, 11, 8, 0, 249, 52),
(336, 3, 336, 23, 324, 2, 0, 27, 20, 4, 1, 19, 9, 1, 221, 47),
(337, 2, 337, 4, 325, 1, 0, 31, 17, 19, 2, 24, 15, 1, 141, 69),
(338, 9, 338, 23, 326, 3, 1, 30, 7, 0, 2, 18, 15, 0, 211, 36),
(339, 8, 339, 48, 317, 2, 1, 12, 6, 17, 1, 23, 13, 1, 255, 38),
(340, 10, 340, 48, 327, 1, 1, 20, 20, 14, 2, 13, 11, 1, 258, 49),
(341, 7, 341, 1, 15, 2, 0, 7, 10, 9, 2, 14, 8, 1, 259, 30),
(342, 9, 342, 25, 328, 1, 0, 36, 10, 2, 2, 22, 15, 1, 146, 45),
(343, 4, 343, 2, 329, 1, 1, 9, 17, 4, 2, 20, 11, 0, 205, 29),
(344, 4, 344, 30, 330, 2, 0, 24, 11, 12, 1, 18, 8, 0, 135, 43),
(345, 1, 345, 3, 331, 3, 1, 18, 9, 7, 2, 15, 9, 0, 253, 31),
(346, 8, 346, 21, 332, 3, 0, 36, 28, 1, 2, 19, 15, 1, 245, 63),
(347, 3, 347, 25, 333, 1, 1, 30, 11, 8, 2, 21, 9, 0, 198, 47),
(348, 7, 348, 20, 334, 3, 1, 10, 6, 16, 1, 18, 8, 0, 177, 35),
(349, 2, 349, 49, 335, 1, 1, 9, 21, 17, 1, 18, 13, 1, 175, 42),
(350, 2, 350, 22, 336, 3, 0, 17, 17, 12, 1, 16, 9, 0, 249, 49),
(351, 7, 351, 21, 337, 2, 1, 36, 29, 0, 2, 23, 10, 0, 173, 68),
(352, 6, 352, 33, 338, 3, 0, 20, 25, 11, 1, 21, 10, 0, 135, 56),
(353, 3, 353, 38, 339, 1, 0, 5, 25, 19, 1, 19, 11, 1, 175, 44),
(354, 9, 354, 15, 340, 1, 0, 17, 20, 19, 1, 18, 14, 1, 222, 56),
(355, 10, 355, 46, 341, 3, 0, 15, 24, 4, 2, 14, 10, 0, 232, 45),
(356, 6, 356, 15, 342, 2, 0, 12, 6, 7, 1, 14, 10, 0, 222, 24),
(357, 10, 357, 46, 245, 1, 0, 29, 9, 14, 1, 21, 13, 1, 213, 51),
(358, 10, 358, 25, 343, 1, 0, 36, 22, 2, 1, 17, 13, 1, 205, 55),
(359, 6, 359, 21, 344, 1, 1, 28, 11, 5, 2, 19, 14, 1, 233, 39),
(360, 1, 360, 24, 345, 1, 1, 32, 15, 12, 2, 13, 12, 1, 221, 61),
(361, 4, 361, 5, 346, 1, 1, 18, 29, 11, 1, 18, 14, 0, 135, 57),
(362, 10, 362, 6, 347, 2, 0, 7, 29, 18, 1, 16, 12, 1, 246, 56),
(363, 6, 363, 49, 240, 3, 0, 31, 15, 17, 1, 16, 13, 0, 208, 67),
(364, 6, 364, 43, 348, 2, 0, 24, 26, 0, 2, 22, 12, 1, 199, 46),
(365, 5, 365, 48, 349, 2, 0, 19, 21, 6, 2, 24, 13, 1, 203, 44),
(366, 1, 366, 44, 350, 1, 1, 31, 20, 11, 1, 12, 12, 1, 201, 66),
(367, 8, 367, 47, 351, 2, 0, 32, 17, 9, 2, 13, 9, 1, 184, 61),
(368, 5, 368, 23, 352, 1, 1, 29, 26, 11, 1, 16, 13, 0, 192, 63),
(369, 5, 369, 4, 353, 2, 0, 37, 9, 10, 2, 20, 14, 0, 187, 56),
(370, 7, 370, 27, 354, 1, 1, 18, 24, 3, 1, 20, 11, 0, 225, 46),
(371, 4, 371, 18, 355, 1, 0, 12, 20, 18, 2, 23, 11, 1, 249, 47),
(372, 6, 372, 21, 356, 2, 1, 18, 26, 5, 1, 14, 13, 0, 252, 44),
(373, 4, 373, 28, 357, 2, 0, 5, 26, 8, 2, 21, 10, 1, 191, 35),
(374, 3, 374, 35, 358, 3, 1, 20, 20, 19, 1, 12, 15, 1, 220, 63),
(375, 7, 375, 22, 300, 3, 0, 22, 20, 9, 1, 10, 11, 0, 152, 52),
(376, 8, 376, 40, 359, 3, 1, 11, 18, 4, 1, 16, 14, 1, 150, 34),
(377, 4, 377, 23, 333, 2, 1, 19, 10, 12, 1, 15, 10, 1, 264, 36),
(378, 2, 378, 3, 360, 2, 0, 28, 6, 8, 2, 19, 11, 0, 147, 46),
(379, 10, 379, 40, 361, 1, 1, 17, 18, 1, 1, 24, 15, 1, 214, 37),
(380, 3, 380, 10, 362, 3, 0, 13, 20, 17, 2, 16, 8, 1, 177, 54),
(381, 1, 381, 25, 363, 1, 0, 19, 27, 0, 2, 24, 8, 0, 188, 46),
(382, 8, 382, 49, 364, 1, 0, 39, 24, 11, 1, 23, 13, 0, 207, 74),
(383, 3, 383, 8, 365, 1, 1, 28, 17, 9, 1, 11, 15, 1, 182, 55),
(384, 10, 384, 11, 304, 1, 1, 37, 19, 1, 1, 22, 14, 0, 152, 58),
(385, 7, 385, 5, 366, 3, 0, 20, 16, 8, 1, 21, 14, 1, 145, 39),
(386, 10, 386, 45, 367, 1, 0, 12, 13, 1, 2, 13, 11, 0, 218, 30),
(387, 5, 387, 37, 368, 2, 1, 33, 22, 13, 2, 11, 9, 1, 153, 67),
(388, 10, 388, 45, 369, 2, 1, 27, 25, 10, 2, 17, 10, 0, 234, 64),
(389, 5, 389, 38, 370, 2, 1, 35, 18, 10, 2, 16, 15, 0, 250, 65),
(390, 7, 390, 29, 284, 3, 0, 18, 24, 16, 1, 10, 11, 1, 224, 55),
(391, 9, 391, 5, 371, 1, 0, 34, 29, 3, 2, 11, 13, 0, 208, 63),
(392, 5, 392, 9, 372, 3, 0, 31, 8, 12, 1, 11, 15, 0, 158, 52),
(393, 1, 393, 48, 373, 1, 0, 20, 12, 6, 1, 13, 10, 1, 147, 36),
(394, 10, 394, 2, 374, 3, 0, 10, 12, 15, 2, 12, 12, 0, 259, 37),
(395, 10, 395, 1, 375, 3, 1, 37, 26, 0, 2, 10, 13, 0, 250, 66),
(396, 1, 396, 40, 376, 1, 0, 22, 26, 12, 2, 21, 11, 0, 205, 64),
(397, 2, 397, 30, 377, 3, 1, 20, 20, 0, 2, 23, 9, 1, 260, 36),
(398, 6, 398, 11, 341, 1, 1, 16, 28, 10, 2, 11, 15, 0, 253, 50),
(399, 9, 399, 28, 378, 2, 0, 24, 14, 5, 2, 20, 12, 1, 225, 43),
(400, 8, 400, 44, 379, 2, 1, 33, 29, 19, 1, 18, 13, 1, 219, 78);

INSERT INTO demanda_matricula (id_registro, id_periodo, id_curso_dim, id_docente, id_aula_dim, id_horario, docente_disponible, alumnos_nuevos, alumnos_prerrequisito, alumnos_repitentes, veces_llevado, carga_academica_proyectada, duracion_semanas, laboratorio, tiempo_matricula_min, alumnos_matriculados) VALUES
(401, 5, 401, 12, 380, 2, 0, 34, 25, 2, 1, 22, 11, 0, 242, 56),
(402, 1, 402, 39, 381, 3, 1, 30, 21, 11, 1, 10, 8, 1, 261, 58),
(403, 7, 403, 26, 382, 2, 0, 26, 5, 4, 2, 18, 14, 1, 255, 36),
(404, 5, 404, 13, 383, 1, 0, 37, 22, 8, 1, 16, 11, 1, 263, 65),
(405, 6, 405, 8, 384, 2, 1, 33, 14, 11, 1, 11, 8, 1, 140, 54),
(406, 7, 406, 28, 385, 2, 0, 26, 25, 9, 1, 11, 8, 0, 212, 62),
(407, 3, 407, 30, 386, 3, 1, 17, 8, 18, 1, 14, 13, 0, 172, 41),
(408, 10, 408, 9, 387, 1, 0, 13, 5, 4, 1, 22, 11, 0, 250, 20),
(409, 3, 409, 39, 388, 3, 0, 28, 8, 4, 1, 14, 14, 1, 236, 36),
(410, 5, 410, 31, 389, 3, 0, 19, 8, 8, 2, 13, 11, 1, 142, 30),
(411, 6, 411, 21, 390, 1, 1, 17, 8, 19, 2, 21, 8, 0, 212, 39),
(412, 9, 412, 47, 391, 3, 1, 31, 21, 16, 2, 19, 10, 1, 246, 65),
(413, 5, 413, 34, 392, 1, 0, 11, 13, 9, 1, 19, 12, 0, 189, 33),
(414, 1, 414, 31, 393, 2, 1, 12, 23, 0, 2, 22, 9, 1, 182, 36),
(415, 4, 415, 25, 394, 1, 0, 18, 17, 15, 2, 21, 11, 0, 222, 53),
(416, 5, 416, 12, 395, 1, 1, 16, 8, 14, 1, 12, 12, 0, 144, 37),
(417, 10, 417, 1, 396, 1, 1, 21, 9, 16, 2, 13, 12, 0, 186, 49),
(418, 10, 418, 22, 397, 3, 0, 33, 17, 19, 1, 19, 15, 1, 168, 71),
(419, 5, 419, 40, 398, 1, 0, 31, 27, 12, 2, 13, 10, 0, 195, 65),
(420, 7, 420, 37, 399, 1, 0, 5, 20, 0, 1, 11, 12, 1, 213, 22),
(421, 4, 421, 47, 400, 1, 0, 38, 26, 7, 1, 14, 11, 1, 152, 73),
(422, 1, 422, 1, 401, 2, 0, 8, 9, 4, 2, 24, 13, 0, 205, 24),
(423, 5, 423, 1, 402, 1, 1, 28, 12, 5, 1, 14, 13, 0, 220, 43),
(424, 7, 424, 42, 403, 3, 1, 25, 20, 19, 2, 14, 15, 1, 166, 64),
(425, 10, 425, 42, 404, 1, 0, 37, 5, 13, 1, 20, 12, 1, 177, 53),
(426, 10, 426, 21, 405, 1, 0, 11, 27, 10, 2, 24, 11, 0, 217, 51),
(427, 6, 427, 15, 406, 2, 0, 5, 10, 5, 2, 20, 11, 0, 203, 16),
(428, 5, 428, 17, 407, 1, 1, 7, 15, 10, 1, 19, 8, 1, 184, 32),
(429, 4, 429, 22, 408, 3, 0, 19, 20, 12, 2, 10, 10, 0, 146, 48),
(430, 2, 430, 38, 409, 1, 0, 35, 9, 11, 2, 15, 14, 0, 219, 59),
(431, 4, 431, 35, 410, 3, 1, 20, 20, 1, 2, 20, 9, 0, 257, 39),
(432, 10, 432, 45, 411, 2, 1, 14, 11, 2, 1, 11, 14, 0, 192, 23),
(433, 10, 433, 16, 412, 1, 1, 33, 23, 3, 1, 16, 15, 1, 217, 61),
(434, 3, 434, 8, 413, 2, 1, 10, 5, 16, 2, 13, 8, 1, 246, 35),
(435, 10, 435, 47, 414, 1, 0, 33, 13, 5, 2, 24, 9, 0, 262, 53),
(436, 1, 436, 17, 415, 3, 1, 21, 22, 6, 1, 14, 14, 0, 170, 44),
(437, 8, 437, 17, 416, 2, 1, 26, 17, 14, 1, 14, 11, 1, 188, 61),
(438, 5, 438, 26, 300, 1, 0, 28, 19, 10, 2, 14, 13, 1, 181, 57),
(439, 4, 439, 13, 417, 3, 0, 21, 7, 2, 1, 11, 8, 1, 249, 25),
(440, 8, 440, 17, 418, 2, 0, 25, 28, 5, 1, 14, 14, 1, 258, 58),
(441, 7, 441, 38, 419, 1, 1, 15, 14, 1, 2, 12, 15, 1, 230, 31),
(442, 2, 442, 17, 266, 2, 0, 11, 13, 13, 1, 13, 12, 0, 241, 33),
(443, 1, 443, 48, 420, 1, 1, 9, 17, 8, 1, 22, 15, 0, 254, 37),
(444, 4, 444, 14, 421, 3, 1, 25, 20, 17, 1, 11, 15, 1, 235, 64),
(445, 8, 445, 45, 422, 3, 1, 22, 7, 18, 2, 13, 15, 1, 237, 50),
(446, 2, 446, 6, 423, 2, 0, 39, 26, 11, 1, 22, 12, 0, 166, 80),
(447, 3, 447, 35, 424, 2, 1, 24, 27, 12, 2, 18, 9, 1, 200, 61),
(448, 1, 448, 46, 425, 1, 0, 19, 19, 11, 1, 17, 11, 1, 145, 47),
(449, 1, 449, 14, 426, 3, 0, 9, 21, 11, 1, 22, 13, 0, 171, 43),
(450, 3, 450, 47, 427, 1, 0, 17, 18, 17, 2, 23, 9, 0, 236, 47),
(451, 5, 451, 8, 428, 3, 1, 16, 11, 8, 2, 24, 14, 0, 183, 37),
(452, 3, 452, 15, 429, 2, 1, 25, 24, 16, 2, 20, 14, 0, 153, 66),
(453, 1, 453, 27, 430, 1, 1, 10, 20, 15, 2, 21, 13, 1, 141, 46),
(454, 1, 454, 13, 431, 1, 0, 11, 25, 16, 1, 12, 14, 0, 267, 55),
(455, 8, 455, 49, 432, 3, 1, 30, 12, 7, 2, 10, 10, 1, 176, 53),
(456, 10, 456, 31, 433, 3, 1, 12, 8, 10, 2, 10, 13, 1, 222, 31),
(457, 2, 457, 35, 434, 3, 1, 13, 24, 1, 2, 15, 12, 1, 269, 34),
(458, 3, 458, 6, 435, 2, 1, 31, 28, 7, 1, 12, 14, 1, 145, 61),
(459, 2, 459, 5, 436, 1, 1, 8, 19, 11, 1, 13, 14, 0, 175, 33),
(460, 3, 460, 22, 437, 3, 0, 25, 9, 0, 2, 10, 8, 1, 137, 35),
(461, 7, 461, 49, 401, 2, 0, 35, 17, 12, 2, 17, 8, 1, 174, 63),
(462, 1, 462, 23, 438, 3, 0, 25, 10, 16, 2, 10, 8, 1, 185, 49),
(463, 10, 463, 25, 439, 1, 0, 29, 9, 13, 2, 14, 13, 0, 166, 50),
(464, 8, 464, 34, 440, 3, 1, 19, 21, 13, 1, 15, 12, 0, 182, 57),
(465, 10, 465, 26, 441, 1, 0, 39, 11, 15, 2, 24, 13, 0, 205, 69),
(466, 10, 466, 47, 442, 2, 1, 32, 10, 16, 1, 11, 15, 0, 223, 58),
(467, 10, 467, 5, 443, 2, 0, 18, 6, 5, 2, 16, 11, 0, 243, 33),
(468, 2, 468, 26, 444, 3, 0, 8, 15, 6, 2, 16, 12, 1, 169, 29),
(469, 3, 469, 20, 445, 1, 0, 24, 11, 0, 1, 10, 12, 0, 242, 30),
(470, 9, 470, 6, 446, 1, 1, 38, 26, 14, 2, 13, 15, 1, 174, 74),
(471, 7, 471, 6, 447, 1, 1, 16, 25, 19, 2, 21, 13, 0, 186, 57),
(472, 4, 472, 18, 142, 3, 0, 37, 12, 17, 2, 22, 13, 1, 246, 64),
(473, 10, 473, 4, 448, 1, 1, 28, 9, 12, 2, 13, 8, 0, 173, 49),
(474, 5, 474, 17, 449, 1, 0, 24, 22, 1, 1, 14, 12, 1, 202, 50),
(475, 2, 475, 14, 450, 1, 0, 9, 26, 18, 2, 10, 8, 0, 210, 49),
(476, 8, 476, 14, 451, 1, 0, 34, 20, 14, 2, 10, 11, 1, 199, 70),
(477, 4, 477, 13, 247, 3, 1, 28, 18, 11, 1, 16, 10, 1, 196, 60),
(478, 9, 478, 7, 452, 3, 0, 11, 16, 14, 2, 18, 8, 1, 136, 37),
(479, 5, 479, 44, 453, 1, 0, 20, 21, 17, 1, 10, 13, 1, 268, 61),
(480, 9, 480, 15, 387, 1, 0, 19, 9, 13, 2, 11, 14, 1, 256, 42),
(481, 4, 481, 19, 454, 2, 1, 27, 18, 5, 2, 15, 9, 1, 209, 53),
(482, 10, 482, 43, 455, 2, 0, 16, 10, 11, 2, 24, 10, 0, 174, 37),
(483, 5, 483, 47, 456, 1, 1, 33, 19, 19, 1, 24, 11, 0, 223, 67),
(484, 9, 484, 44, 457, 1, 0, 19, 11, 5, 1, 15, 14, 1, 162, 37),
(485, 8, 485, 35, 458, 2, 1, 33, 18, 8, 2, 11, 13, 1, 214, 63),
(486, 3, 486, 17, 459, 2, 0, 25, 22, 3, 1, 18, 10, 1, 197, 53),
(487, 1, 487, 35, 460, 1, 0, 19, 5, 16, 2, 13, 15, 1, 175, 42),
(488, 3, 488, 19, 461, 3, 1, 18, 10, 1, 1, 22, 13, 1, 163, 25),
(489, 4, 489, 20, 462, 3, 1, 20, 7, 15, 2, 16, 8, 1, 157, 44),
(490, 2, 490, 36, 28, 1, 0, 19, 9, 13, 1, 15, 14, 1, 214, 38),
(491, 1, 491, 35, 463, 1, 1, 8, 16, 7, 2, 20, 13, 0, 185, 28),
(492, 7, 492, 32, 464, 2, 0, 31, 15, 13, 1, 22, 14, 1, 246, 62),
(493, 8, 493, 48, 465, 2, 0, 27, 17, 1, 1, 20, 11, 1, 239, 48),
(494, 7, 494, 44, 466, 3, 0, 33, 20, 15, 1, 12, 9, 0, 179, 71),
(495, 5, 495, 40, 467, 1, 1, 13, 22, 3, 1, 17, 8, 0, 224, 36),
(496, 1, 496, 24, 205, 2, 0, 11, 21, 0, 2, 16, 8, 1, 269, 33),
(497, 7, 497, 17, 468, 3, 1, 8, 21, 19, 2, 18, 14, 0, 223, 50),
(498, 7, 498, 7, 469, 3, 0, 9, 15, 13, 1, 12, 11, 0, 149, 36),
(499, 9, 499, 43, 470, 3, 1, 9, 24, 7, 2, 10, 11, 0, 211, 35),
(500, 3, 500, 1, 471, 2, 1, 15, 14, 2, 1, 11, 10, 1, 240, 34),
(501, 9, 501, 35, 472, 2, 0, 32, 20, 4, 2, 21, 9, 1, 224, 56),
(502, 1, 502, 32, 473, 1, 1, 20, 6, 5, 1, 20, 13, 0, 221, 28),
(503, 1, 503, 36, 474, 1, 0, 34, 21, 7, 2, 24, 10, 1, 195, 59),
(504, 4, 504, 13, 29, 3, 0, 8, 26, 5, 2, 21, 13, 1, 242, 43),
(505, 9, 505, 6, 475, 3, 0, 6, 24, 5, 1, 10, 13, 1, 195, 30),
(506, 6, 506, 14, 476, 2, 0, 7, 14, 3, 1, 20, 13, 0, 185, 26),
(507, 3, 507, 37, 477, 2, 0, 25, 17, 6, 1, 14, 10, 0, 146, 44),
(508, 1, 508, 48, 478, 1, 1, 10, 16, 18, 1, 24, 8, 0, 211, 39),
(509, 4, 509, 15, 216, 1, 0, 22, 19, 6, 1, 19, 11, 0, 246, 48),
(510, 9, 510, 47, 479, 1, 1, 9, 11, 2, 2, 23, 8, 1, 200, 25),
(511, 3, 511, 4, 480, 2, 1, 13, 26, 7, 1, 11, 9, 1, 249, 46),
(512, 9, 512, 40, 481, 3, 0, 24, 25, 0, 2, 12, 10, 1, 164, 51),
(513, 7, 513, 16, 482, 1, 1, 32, 17, 0, 1, 17, 15, 0, 239, 51),
(514, 4, 514, 28, 483, 1, 0, 30, 16, 13, 2, 24, 9, 0, 165, 62),
(515, 3, 515, 16, 484, 2, 1, 22, 16, 5, 2, 19, 11, 1, 147, 44),
(516, 10, 516, 4, 485, 1, 1, 23, 6, 9, 1, 23, 11, 0, 262, 41),
(517, 5, 517, 45, 486, 3, 1, 7, 9, 13, 1, 14, 12, 0, 235, 32),
(518, 5, 518, 26, 487, 2, 0, 13, 29, 3, 2, 13, 9, 1, 201, 40),
(519, 3, 519, 28, 488, 1, 1, 35, 29, 5, 2, 14, 15, 0, 214, 69),
(520, 9, 520, 32, 489, 1, 0, 21, 6, 15, 1, 19, 8, 0, 237, 44),
(521, 4, 521, 45, 490, 2, 1, 27, 27, 0, 2, 15, 14, 1, 153, 58),
(522, 5, 522, 2, 491, 2, 1, 38, 24, 5, 2, 21, 15, 0, 166, 70),
(523, 4, 523, 31, 492, 1, 1, 9, 17, 8, 2, 16, 9, 1, 199, 32),
(524, 5, 524, 3, 373, 3, 1, 19, 7, 14, 2, 23, 10, 1, 161, 36),
(525, 7, 525, 8, 493, 2, 0, 7, 15, 11, 2, 22, 11, 0, 181, 36),
(526, 9, 526, 24, 494, 3, 0, 23, 20, 2, 2, 18, 11, 1, 146, 48),
(527, 7, 527, 15, 495, 1, 1, 32, 5, 10, 1, 10, 9, 0, 219, 49),
(528, 5, 528, 43, 496, 3, 1, 7, 23, 14, 1, 13, 15, 0, 200, 41),
(529, 10, 529, 31, 497, 1, 0, 8, 15, 2, 1, 21, 9, 0, 267, 24),
(530, 10, 530, 9, 498, 1, 0, 28, 13, 13, 1, 21, 13, 0, 244, 50),
(531, 7, 531, 39, 262, 1, 0, 35, 18, 1, 2, 18, 9, 0, 216, 51),
(532, 10, 532, 45, 499, 1, 0, 15, 13, 3, 1, 14, 13, 0, 259, 26),
(533, 5, 533, 2, 500, 3, 1, 5, 11, 18, 2, 17, 15, 0, 197, 32),
(534, 3, 534, 8, 501, 1, 1, 13, 20, 11, 2, 21, 10, 0, 206, 43),
(535, 7, 535, 7, 502, 1, 0, 21, 7, 1, 1, 10, 10, 0, 232, 25),
(536, 2, 536, 44, 503, 3, 0, 5, 23, 16, 1, 13, 8, 1, 207, 41),
(537, 9, 537, 39, 310, 2, 0, 7, 8, 2, 2, 21, 9, 1, 205, 17),
(538, 10, 538, 42, 504, 3, 0, 30, 11, 9, 1, 23, 15, 0, 164, 50),
(539, 10, 539, 16, 453, 3, 0, 35, 27, 15, 1, 21, 15, 0, 259, 78),
(540, 1, 540, 35, 240, 3, 0, 30, 16, 8, 2, 18, 8, 0, 150, 57),
(541, 6, 541, 30, 505, 1, 1, 27, 22, 10, 2, 22, 14, 1, 267, 57),
(542, 7, 542, 10, 506, 1, 1, 34, 9, 14, 2, 10, 15, 1, 181, 56),
(543, 8, 543, 38, 507, 1, 1, 14, 27, 2, 2, 10, 12, 0, 235, 39),
(544, 10, 544, 18, 508, 2, 0, 12, 27, 15, 2, 13, 10, 0, 241, 54),
(545, 9, 545, 5, 509, 1, 0, 29, 26, 11, 2, 23, 11, 0, 260, 64),
(546, 2, 546, 29, 263, 2, 0, 26, 14, 4, 1, 12, 13, 1, 156, 43),
(547, 10, 547, 39, 510, 1, 1, 19, 16, 6, 1, 16, 12, 0, 217, 42),
(548, 2, 548, 34, 511, 3, 0, 14, 12, 8, 1, 20, 11, 1, 194, 34),
(549, 5, 549, 43, 512, 1, 0, 24, 23, 17, 2, 12, 12, 1, 192, 66),
(550, 5, 550, 45, 513, 2, 1, 27, 19, 7, 2, 10, 8, 0, 137, 53),
(551, 6, 551, 23, 514, 2, 0, 5, 5, 11, 1, 21, 8, 1, 179, 25),
(552, 3, 552, 5, 515, 1, 1, 6, 7, 19, 1, 24, 13, 0, 184, 34),
(553, 8, 553, 30, 516, 3, 1, 23, 22, 1, 1, 20, 10, 1, 136, 44),
(554, 1, 554, 6, 517, 1, 0, 18, 22, 9, 2, 19, 14, 1, 149, 50),
(555, 6, 555, 46, 518, 1, 1, 12, 6, 18, 1, 11, 15, 0, 230, 33),
(556, 4, 556, 44, 519, 1, 0, 16, 9, 8, 1, 19, 13, 0, 219, 28),
(557, 1, 557, 4, 520, 3, 1, 30, 5, 7, 1, 22, 14, 1, 245, 45),
(558, 7, 558, 29, 521, 2, 0, 31, 14, 0, 2, 13, 11, 1, 157, 48),
(559, 9, 559, 23, 522, 3, 1, 33, 24, 5, 1, 10, 15, 1, 233, 62),
(560, 4, 560, 6, 523, 2, 0, 19, 14, 11, 1, 10, 12, 0, 171, 40),
(561, 4, 561, 32, 524, 2, 1, 5, 9, 18, 2, 21, 13, 0, 241, 34),
(562, 6, 562, 42, 525, 2, 1, 32, 22, 16, 2, 23, 14, 0, 175, 74),
(563, 3, 563, 18, 526, 3, 1, 7, 25, 1, 2, 17, 9, 0, 191, 33),
(564, 6, 564, 15, 527, 1, 0, 22, 19, 10, 2, 16, 9, 1, 231, 52),
(565, 7, 565, 40, 528, 1, 0, 38, 24, 17, 2, 23, 10, 1, 159, 74),
(566, 10, 566, 32, 467, 1, 1, 36, 12, 10, 1, 17, 14, 1, 244, 55),
(567, 10, 567, 9, 529, 1, 0, 33, 21, 17, 1, 22, 13, 1, 171, 66),
(568, 3, 568, 37, 220, 1, 1, 29, 16, 7, 2, 13, 11, 1, 174, 56),
(569, 7, 569, 10, 530, 3, 0, 30, 25, 14, 2, 15, 9, 0, 219, 64),
(570, 3, 570, 20, 531, 3, 1, 12, 16, 8, 2, 24, 10, 0, 180, 31),
(571, 2, 571, 6, 532, 3, 0, 23, 5, 14, 2, 22, 13, 1, 236, 40),
(572, 10, 572, 48, 533, 3, 1, 26, 8, 6, 1, 12, 10, 1, 232, 41),
(573, 4, 573, 3, 534, 3, 1, 33, 12, 19, 1, 20, 11, 1, 153, 65),
(574, 8, 574, 42, 535, 3, 1, 37, 5, 12, 2, 22, 9, 1, 225, 53),
(575, 9, 575, 11, 536, 3, 1, 39, 19, 12, 2, 17, 15, 1, 203, 70),
(576, 7, 576, 43, 537, 1, 0, 7, 22, 0, 2, 13, 9, 1, 139, 25),
(577, 1, 577, 17, 538, 2, 1, 23, 5, 19, 2, 12, 9, 1, 182, 46),
(578, 3, 578, 32, 196, 3, 0, 14, 15, 3, 1, 13, 14, 1, 246, 33),
(579, 9, 579, 4, 357, 2, 0, 31, 27, 3, 2, 15, 8, 0, 152, 64),
(580, 1, 580, 4, 392, 3, 1, 19, 6, 3, 2, 20, 14, 1, 165, 28),
(581, 9, 581, 17, 539, 3, 0, 15, 5, 12, 1, 16, 9, 1, 263, 36),
(582, 8, 582, 41, 540, 1, 0, 30, 16, 1, 2, 16, 12, 0, 265, 45),
(583, 1, 583, 19, 541, 2, 0, 28, 20, 14, 1, 23, 8, 0, 159, 59),
(584, 6, 584, 5, 159, 1, 1, 17, 26, 3, 2, 24, 15, 1, 142, 49),
(585, 5, 585, 32, 542, 1, 0, 36, 26, 5, 2, 21, 13, 0, 196, 68),
(586, 6, 586, 22, 543, 2, 0, 8, 14, 2, 1, 13, 14, 0, 269, 24),
(587, 10, 587, 6, 544, 1, 1, 17, 22, 6, 2, 17, 8, 1, 141, 46),
(588, 5, 588, 35, 545, 3, 1, 13, 19, 5, 1, 16, 8, 0, 153, 39),
(589, 6, 589, 22, 546, 3, 0, 38, 21, 2, 1, 11, 14, 1, 245, 60),
(590, 5, 590, 1, 547, 3, 1, 11, 14, 3, 1, 22, 14, 1, 145, 25),
(591, 5, 591, 20, 548, 3, 0, 5, 7, 9, 2, 17, 8, 1, 175, 18),
(592, 4, 592, 22, 549, 3, 0, 16, 25, 8, 2, 18, 10, 0, 248, 45),
(593, 3, 593, 48, 197, 1, 0, 25, 20, 5, 1, 14, 15, 0, 226, 52),
(594, 3, 594, 11, 550, 1, 1, 15, 10, 19, 2, 24, 12, 1, 209, 39),
(595, 4, 595, 13, 551, 3, 0, 18, 7, 10, 2, 13, 11, 1, 201, 37),
(596, 9, 596, 42, 552, 3, 1, 38, 13, 6, 2, 13, 9, 0, 139, 54),
(597, 2, 597, 3, 553, 1, 1, 38, 15, 17, 1, 22, 15, 1, 250, 73),
(598, 9, 598, 9, 554, 2, 0, 29, 25, 3, 1, 13, 14, 0, 252, 53),
(599, 1, 599, 12, 555, 1, 1, 8, 17, 4, 2, 15, 8, 0, 145, 33),
(600, 1, 600, 23, 556, 1, 1, 30, 22, 3, 1, 20, 11, 0, 178, 58),
(601, 5, 601, 14, 557, 1, 1, 20, 26, 3, 2, 13, 14, 0, 211, 49),
(602, 6, 602, 33, 558, 1, 1, 14, 28, 12, 2, 16, 10, 0, 252, 49),
(603, 6, 603, 18, 559, 1, 1, 6, 26, 15, 2, 16, 11, 0, 250, 46),
(604, 3, 604, 49, 560, 2, 0, 39, 8, 13, 1, 14, 8, 1, 201, 64),
(605, 7, 605, 41, 561, 3, 1, 23, 26, 10, 1, 22, 15, 1, 147, 62),
(606, 9, 606, 9, 562, 3, 0, 10, 28, 1, 2, 14, 13, 0, 226, 39),
(607, 10, 607, 23, 563, 2, 0, 23, 12, 13, 1, 24, 15, 0, 145, 49),
(608, 8, 608, 10, 564, 3, 0, 12, 17, 6, 2, 19, 15, 1, 219, 33),
(609, 6, 609, 19, 565, 3, 0, 18, 14, 10, 1, 17, 12, 1, 219, 37),
(610, 8, 610, 47, 360, 3, 0, 14, 6, 3, 1, 16, 11, 1, 269, 22),
(611, 5, 611, 5, 566, 2, 0, 7, 12, 6, 1, 23, 14, 1, 151, 21),
(612, 8, 612, 47, 567, 2, 1, 33, 10, 15, 2, 16, 8, 1, 182, 60),
(613, 10, 613, 23, 568, 3, 1, 19, 20, 5, 2, 15, 14, 1, 231, 42),
(614, 4, 614, 30, 569, 3, 1, 27, 22, 5, 2, 16, 8, 1, 209, 49),
(615, 10, 615, 25, 490, 3, 0, 27, 21, 1, 1, 16, 9, 1, 211, 53),
(616, 8, 616, 28, 570, 1, 1, 22, 10, 7, 2, 19, 13, 0, 262, 40),
(617, 10, 617, 34, 571, 1, 1, 23, 17, 6, 2, 23, 9, 1, 171, 42),
(618, 2, 618, 45, 572, 1, 1, 32, 27, 13, 2, 11, 15, 0, 164, 69),
(619, 5, 619, 48, 573, 2, 0, 30, 18, 8, 2, 23, 13, 1, 181, 59),
(620, 9, 620, 47, 574, 3, 1, 14, 25, 14, 1, 19, 12, 1, 269, 56),
(621, 4, 621, 25, 575, 2, 0, 8, 14, 17, 1, 11, 9, 1, 182, 35),
(622, 6, 622, 10, 576, 2, 1, 6, 28, 11, 2, 23, 12, 1, 268, 42),
(623, 1, 623, 14, 577, 2, 0, 7, 15, 18, 1, 19, 14, 1, 168, 43),
(624, 9, 624, 42, 578, 3, 0, 11, 17, 12, 1, 16, 15, 0, 235, 35),
(625, 1, 625, 46, 579, 1, 0, 20, 16, 6, 1, 23, 10, 1, 180, 38),
(626, 5, 626, 30, 580, 3, 1, 35, 13, 9, 1, 19, 10, 0, 204, 53),
(627, 4, 627, 41, 581, 3, 1, 14, 8, 9, 1, 16, 13, 0, 158, 35),
(628, 3, 628, 25, 582, 2, 0, 23, 11, 1, 2, 16, 13, 1, 201, 32),
(629, 6, 629, 14, 583, 2, 1, 32, 28, 13, 1, 14, 9, 0, 138, 77),
(630, 2, 630, 35, 440, 2, 0, 21, 26, 12, 2, 10, 10, 1, 135, 56),
(631, 3, 631, 48, 584, 1, 0, 32, 6, 5, 2, 23, 11, 1, 168, 47),
(632, 5, 632, 34, 585, 1, 1, 23, 11, 8, 2, 11, 11, 1, 243, 38),
(633, 9, 633, 10, 586, 1, 1, 27, 13, 12, 1, 22, 14, 0, 143, 54),
(634, 2, 634, 35, 587, 3, 1, 24, 9, 8, 1, 18, 11, 1, 197, 43),
(635, 10, 635, 11, 588, 2, 0, 17, 19, 12, 1, 17, 14, 0, 144, 50),
(636, 8, 636, 11, 44, 3, 0, 17, 22, 4, 1, 17, 10, 1, 178, 39),
(637, 2, 637, 21, 589, 1, 1, 15, 8, 13, 2, 19, 11, 1, 252, 39),
(638, 5, 638, 21, 590, 2, 0, 19, 23, 4, 2, 10, 12, 0, 140, 47),
(639, 7, 639, 22, 591, 1, 1, 21, 24, 8, 2, 15, 8, 0, 255, 52),
(640, 8, 640, 45, 592, 2, 0, 32, 11, 7, 1, 24, 13, 0, 229, 51),
(641, 1, 641, 7, 593, 2, 1, 23, 12, 6, 2, 24, 15, 0, 245, 43),
(642, 6, 642, 17, 594, 3, 1, 8, 21, 7, 2, 18, 9, 0, 239, 39),
(643, 1, 643, 2, 595, 3, 0, 26, 17, 2, 2, 24, 14, 0, 198, 41),
(644, 2, 644, 12, 596, 1, 1, 26, 28, 14, 1, 17, 12, 1, 205, 68),
(645, 1, 645, 42, 597, 3, 1, 38, 25, 7, 2, 12, 11, 0, 238, 73),
(646, 5, 646, 18, 598, 3, 0, 37, 27, 0, 2, 13, 15, 1, 223, 64),
(647, 10, 647, 11, 599, 3, 1, 37, 15, 6, 1, 24, 15, 1, 140, 54),
(648, 9, 648, 16, 600, 2, 0, 16, 5, 18, 2, 12, 8, 1, 244, 34),
(649, 6, 649, 49, 601, 3, 1, 6, 6, 1, 1, 15, 9, 1, 246, 10),
(650, 1, 650, 18, 602, 1, 0, 32, 21, 13, 2, 23, 12, 1, 261, 65),
(651, 1, 651, 35, 603, 2, 1, 14, 9, 17, 1, 18, 9, 0, 197, 41),
(652, 2, 652, 26, 124, 2, 1, 26, 10, 14, 1, 24, 14, 1, 152, 54),
(653, 9, 653, 16, 604, 3, 1, 21, 29, 13, 1, 17, 14, 1, 211, 67),
(654, 3, 654, 6, 605, 2, 1, 30, 28, 18, 2, 24, 13, 1, 237, 73),
(655, 1, 655, 44, 606, 1, 0, 7, 11, 18, 2, 24, 10, 0, 251, 39),
(656, 5, 656, 43, 607, 1, 0, 11, 25, 16, 1, 22, 14, 0, 151, 56),
(657, 7, 657, 47, 571, 2, 0, 12, 19, 18, 1, 19, 11, 0, 148, 47),
(658, 6, 658, 47, 356, 3, 0, 24, 23, 15, 1, 13, 15, 0, 191, 66),
(659, 1, 659, 48, 608, 3, 0, 16, 20, 19, 1, 24, 12, 1, 227, 51),
(660, 5, 660, 42, 609, 2, 0, 39, 29, 18, 1, 11, 12, 0, 268, 83),
(661, 5, 661, 12, 610, 1, 0, 21, 17, 0, 1, 22, 8, 1, 248, 37),
(662, 6, 662, 13, 611, 2, 1, 32, 9, 18, 1, 17, 15, 0, 266, 56),
(663, 3, 663, 4, 612, 3, 1, 14, 7, 6, 1, 17, 8, 0, 243, 26),
(664, 5, 664, 39, 481, 3, 1, 26, 7, 10, 1, 23, 8, 0, 253, 41),
(665, 7, 665, 2, 452, 2, 1, 37, 23, 4, 1, 21, 15, 0, 226, 68),
(666, 5, 666, 26, 613, 1, 0, 26, 18, 16, 1, 20, 9, 1, 145, 57),
(667, 5, 667, 27, 114, 2, 0, 17, 20, 10, 1, 15, 11, 0, 233, 47),
(668, 5, 668, 27, 614, 1, 0, 31, 26, 7, 2, 23, 9, 1, 142, 66),
(669, 10, 669, 15, 615, 1, 1, 19, 21, 9, 1, 17, 11, 1, 248, 47),
(670, 10, 670, 8, 616, 2, 0, 26, 8, 11, 2, 18, 12, 1, 199, 48),
(671, 3, 671, 7, 617, 2, 1, 34, 17, 9, 2, 22, 14, 1, 227, 60),
(672, 1, 672, 47, 618, 1, 0, 38, 12, 12, 2, 10, 14, 1, 238, 61),
(673, 5, 673, 46, 619, 1, 0, 38, 23, 17, 1, 18, 9, 1, 233, 75),
(674, 9, 674, 40, 620, 1, 0, 39, 9, 9, 2, 11, 9, 1, 218, 56),
(675, 1, 675, 12, 621, 1, 0, 23, 6, 18, 1, 23, 9, 0, 207, 46),
(676, 3, 676, 13, 206, 3, 1, 12, 19, 19, 2, 22, 10, 1, 193, 48),
(677, 4, 677, 43, 622, 2, 1, 37, 6, 16, 1, 10, 13, 0, 165, 59),
(678, 1, 678, 17, 623, 1, 0, 32, 15, 19, 1, 17, 15, 0, 198, 63),
(679, 1, 679, 17, 624, 2, 1, 29, 17, 15, 2, 17, 11, 1, 182, 65),
(680, 8, 680, 36, 625, 1, 0, 21, 27, 4, 2, 20, 14, 1, 157, 47),
(681, 2, 681, 21, 626, 2, 0, 28, 14, 2, 1, 13, 11, 0, 189, 45),
(682, 8, 682, 8, 627, 2, 0, 25, 7, 14, 2, 17, 9, 0, 141, 47),
(683, 7, 683, 5, 478, 1, 0, 6, 9, 1, 1, 16, 10, 1, 246, 14),
(684, 10, 684, 26, 628, 1, 1, 35, 7, 12, 1, 22, 9, 1, 240, 57),
(685, 10, 685, 16, 629, 2, 0, 37, 10, 7, 1, 11, 11, 0, 232, 50),
(686, 2, 686, 36, 377, 2, 0, 34, 17, 16, 2, 14, 13, 0, 146, 62),
(687, 6, 687, 28, 261, 2, 1, 16, 14, 3, 1, 23, 14, 1, 194, 30),
(688, 6, 688, 29, 630, 3, 0, 16, 23, 18, 1, 19, 13, 0, 186, 58),
(689, 3, 689, 47, 631, 1, 1, 28, 12, 8, 1, 13, 15, 0, 206, 51),
(690, 2, 690, 12, 632, 3, 0, 28, 22, 14, 1, 12, 12, 1, 259, 60),
(691, 1, 691, 37, 7, 3, 0, 15, 7, 8, 2, 10, 10, 0, 194, 30),
(692, 6, 692, 30, 633, 1, 0, 17, 28, 8, 2, 14, 13, 1, 165, 50),
(693, 5, 693, 23, 634, 1, 0, 31, 28, 13, 2, 19, 10, 1, 211, 71),
(694, 9, 694, 16, 635, 3, 0, 12, 21, 15, 2, 17, 9, 1, 210, 51),
(695, 1, 695, 14, 636, 1, 0, 14, 12, 16, 1, 21, 12, 0, 195, 39),
(696, 7, 696, 10, 637, 2, 1, 12, 14, 12, 1, 18, 11, 1, 136, 33),
(697, 5, 697, 7, 638, 2, 0, 24, 6, 8, 1, 16, 13, 0, 255, 37),
(698, 5, 698, 45, 639, 3, 1, 12, 16, 14, 1, 21, 13, 1, 193, 37),
(699, 2, 699, 37, 640, 3, 1, 13, 27, 6, 1, 20, 8, 1, 174, 48),
(700, 3, 700, 29, 641, 1, 0, 11, 10, 0, 1, 10, 14, 0, 166, 22),
(701, 7, 701, 3, 642, 1, 1, 18, 6, 0, 2, 10, 11, 0, 172, 20),
(702, 6, 702, 15, 643, 3, 0, 32, 25, 4, 1, 24, 13, 0, 226, 64),
(703, 2, 703, 36, 644, 3, 1, 6, 27, 8, 1, 10, 13, 1, 222, 40),
(704, 6, 704, 47, 645, 2, 0, 12, 28, 11, 1, 11, 11, 0, 219, 52),
(705, 2, 705, 46, 646, 2, 1, 17, 7, 5, 2, 10, 12, 1, 210, 27),
(706, 2, 706, 19, 647, 1, 1, 25, 21, 12, 1, 13, 10, 0, 262, 53),
(707, 2, 707, 13, 648, 2, 0, 32, 11, 7, 1, 19, 11, 1, 147, 52),
(708, 3, 708, 42, 649, 1, 1, 39, 25, 14, 1, 18, 10, 1, 173, 73),
(709, 2, 709, 21, 650, 1, 0, 27, 9, 5, 2, 21, 12, 1, 157, 38),
(710, 4, 710, 37, 651, 1, 0, 19, 27, 5, 1, 13, 12, 1, 244, 51),
(711, 9, 711, 27, 652, 2, 0, 6, 5, 3, 1, 22, 15, 0, 241, 16),
(712, 6, 712, 29, 653, 3, 0, 16, 12, 10, 2, 13, 9, 0, 226, 40),
(713, 1, 713, 20, 366, 3, 0, 7, 16, 17, 1, 16, 8, 1, 158, 36),
(714, 8, 714, 25, 654, 2, 1, 9, 18, 2, 2, 23, 12, 1, 168, 32),
(715, 7, 715, 6, 519, 3, 1, 7, 20, 2, 1, 20, 15, 0, 246, 27),
(716, 10, 716, 36, 655, 1, 1, 23, 14, 11, 2, 18, 15, 0, 252, 46),
(717, 3, 717, 2, 656, 3, 0, 6, 19, 5, 1, 16, 15, 0, 141, 26),
(718, 1, 718, 22, 657, 2, 1, 21, 25, 5, 1, 10, 12, 0, 224, 46),
(719, 5, 719, 32, 658, 3, 1, 18, 28, 7, 2, 10, 10, 0, 147, 57),
(720, 4, 720, 16, 659, 1, 1, 32, 19, 14, 1, 13, 12, 0, 214, 66),
(721, 10, 721, 18, 207, 1, 1, 31, 14, 17, 1, 13, 11, 1, 164, 66),
(722, 8, 722, 5, 660, 2, 1, 14, 25, 19, 2, 10, 9, 0, 267, 55),
(723, 1, 723, 36, 661, 2, 0, 7, 11, 15, 1, 15, 9, 0, 150, 31),
(724, 10, 724, 30, 654, 2, 0, 29, 7, 5, 2, 19, 11, 1, 174, 44),
(725, 1, 725, 45, 662, 1, 1, 26, 6, 16, 1, 11, 13, 0, 171, 48),
(726, 4, 726, 19, 74, 3, 0, 34, 10, 8, 2, 20, 12, 0, 212, 47),
(727, 8, 727, 23, 130, 3, 0, 25, 25, 18, 1, 14, 14, 0, 150, 71),
(728, 5, 728, 34, 663, 2, 1, 34, 13, 17, 1, 17, 8, 1, 177, 67),
(729, 2, 729, 13, 664, 3, 1, 32, 14, 4, 2, 24, 15, 0, 197, 49),
(730, 6, 730, 43, 665, 3, 0, 35, 8, 5, 1, 12, 12, 1, 149, 50),
(731, 5, 731, 29, 399, 2, 1, 30, 7, 11, 2, 18, 9, 0, 199, 49),
(732, 2, 732, 36, 666, 2, 0, 26, 13, 10, 2, 16, 8, 1, 178, 51),
(733, 3, 733, 22, 667, 1, 0, 25, 28, 15, 2, 18, 14, 0, 154, 71),
(734, 9, 734, 47, 668, 1, 1, 5, 26, 19, 1, 10, 13, 0, 253, 46),
(735, 7, 735, 36, 669, 1, 0, 17, 21, 16, 1, 14, 10, 0, 246, 58),
(736, 7, 736, 9, 670, 1, 0, 25, 18, 19, 1, 21, 10, 1, 257, 61),
(737, 6, 737, 39, 259, 3, 0, 13, 14, 8, 2, 22, 14, 0, 214, 37),
(738, 8, 738, 19, 671, 3, 1, 21, 17, 0, 2, 12, 12, 0, 234, 35),
(739, 4, 739, 38, 672, 1, 1, 25, 16, 2, 2, 13, 12, 1, 140, 43),
(740, 8, 740, 6, 673, 1, 1, 35, 5, 8, 1, 13, 8, 1, 217, 48),
(741, 4, 741, 47, 674, 2, 1, 26, 26, 18, 2, 20, 8, 1, 165, 71),
(742, 8, 742, 15, 675, 3, 0, 16, 23, 12, 1, 21, 13, 0, 200, 48),
(743, 9, 743, 20, 676, 3, 1, 10, 23, 13, 1, 16, 12, 1, 152, 48),
(744, 3, 744, 9, 556, 1, 1, 20, 10, 19, 1, 19, 9, 0, 162, 51),
(745, 3, 745, 32, 677, 3, 1, 30, 17, 18, 1, 20, 10, 1, 202, 68),
(746, 2, 746, 4, 678, 2, 1, 9, 23, 6, 1, 17, 13, 1, 248, 40),
(747, 10, 747, 18, 679, 2, 0, 13, 17, 3, 1, 20, 15, 0, 192, 30),
(748, 3, 748, 5, 680, 3, 0, 18, 26, 11, 1, 19, 8, 0, 263, 55),
(749, 3, 749, 20, 681, 1, 0, 34, 25, 13, 1, 14, 15, 0, 173, 75),
(750, 5, 750, 23, 682, 3, 1, 30, 8, 1, 2, 22, 9, 0, 240, 34),
(751, 5, 751, 11, 683, 2, 1, 33, 28, 0, 1, 22, 12, 1, 135, 58),
(752, 2, 752, 37, 507, 1, 0, 23, 6, 17, 1, 21, 11, 1, 209, 42),
(753, 10, 753, 22, 357, 3, 1, 12, 19, 19, 2, 19, 8, 1, 222, 52),
(754, 6, 754, 4, 684, 1, 1, 27, 16, 7, 2, 16, 13, 0, 194, 50),
(755, 5, 755, 29, 685, 1, 0, 39, 11, 2, 2, 12, 11, 0, 264, 56),
(756, 6, 756, 44, 686, 2, 0, 35, 24, 5, 2, 12, 9, 1, 244, 66),
(757, 1, 757, 34, 687, 1, 1, 39, 22, 12, 1, 12, 15, 1, 153, 69),
(758, 5, 758, 13, 688, 3, 1, 36, 27, 8, 2, 21, 14, 0, 196, 71),
(759, 9, 759, 42, 689, 1, 1, 9, 17, 8, 2, 13, 10, 1, 205, 35),
(760, 10, 760, 9, 690, 1, 0, 20, 21, 19, 2, 15, 14, 1, 245, 62),
(761, 2, 761, 42, 691, 3, 0, 21, 8, 8, 2, 24, 14, 1, 267, 40),
(762, 1, 762, 31, 413, 2, 0, 36, 29, 14, 1, 14, 14, 0, 206, 78),
(763, 10, 763, 7, 554, 2, 0, 36, 18, 12, 2, 17, 9, 1, 212, 63),
(764, 9, 764, 4, 692, 3, 1, 24, 24, 15, 2, 23, 10, 0, 234, 59),
(765, 10, 765, 19, 693, 3, 0, 6, 17, 1, 2, 23, 9, 1, 205, 26),
(766, 9, 766, 42, 694, 2, 0, 24, 7, 13, 2, 21, 14, 0, 141, 39),
(767, 9, 767, 30, 695, 1, 1, 22, 22, 5, 1, 22, 8, 1, 184, 53),
(768, 6, 768, 31, 696, 3, 1, 5, 18, 1, 2, 14, 14, 1, 180, 24),
(769, 8, 769, 35, 697, 1, 1, 33, 19, 7, 2, 20, 8, 1, 206, 55),
(770, 1, 770, 21, 698, 3, 0, 33, 7, 3, 2, 21, 13, 0, 210, 40),
(771, 10, 771, 31, 699, 2, 1, 23, 5, 13, 1, 14, 14, 1, 208, 43),
(772, 4, 772, 19, 700, 1, 1, 10, 28, 10, 2, 23, 11, 1, 207, 43),
(773, 1, 773, 31, 321, 1, 0, 12, 21, 13, 2, 19, 9, 0, 236, 46),
(774, 8, 774, 32, 670, 3, 0, 28, 7, 11, 1, 11, 14, 0, 228, 43),
(775, 1, 775, 2, 701, 1, 1, 24, 18, 15, 2, 21, 9, 1, 203, 57),
(776, 3, 776, 10, 294, 3, 0, 18, 7, 5, 1, 20, 15, 1, 199, 27),
(777, 4, 777, 2, 652, 2, 1, 9, 17, 19, 1, 20, 14, 1, 196, 47),
(778, 8, 778, 2, 702, 1, 1, 38, 19, 0, 2, 14, 11, 1, 154, 56),
(779, 6, 779, 24, 281, 3, 0, 20, 22, 11, 2, 24, 14, 1, 178, 51),
(780, 10, 780, 17, 703, 1, 1, 11, 18, 6, 1, 21, 12, 0, 196, 38),
(781, 7, 781, 32, 704, 3, 0, 20, 25, 7, 1, 16, 13, 1, 241, 51),
(782, 8, 782, 16, 705, 3, 0, 11, 7, 8, 2, 11, 15, 0, 259, 24),
(783, 2, 783, 16, 706, 3, 0, 31, 23, 1, 1, 23, 9, 0, 179, 57),
(784, 10, 784, 46, 140, 2, 1, 18, 12, 16, 1, 22, 15, 1, 145, 48),
(785, 8, 785, 39, 707, 1, 0, 18, 8, 19, 2, 15, 13, 0, 222, 47),
(786, 3, 786, 31, 563, 2, 0, 37, 8, 12, 1, 16, 9, 1, 180, 55),
(787, 7, 787, 43, 708, 3, 1, 37, 23, 4, 1, 14, 9, 0, 246, 59),
(788, 3, 788, 24, 709, 3, 1, 24, 15, 9, 1, 18, 12, 0, 215, 44),
(789, 7, 789, 1, 306, 2, 1, 11, 5, 11, 1, 23, 14, 1, 166, 25),
(790, 2, 790, 11, 627, 2, 1, 36, 12, 16, 1, 13, 8, 1, 232, 68),
(791, 10, 791, 21, 710, 1, 0, 7, 19, 5, 1, 23, 13, 0, 139, 27),
(792, 6, 792, 4, 711, 3, 0, 33, 5, 2, 2, 23, 11, 1, 163, 44),
(793, 3, 793, 7, 5, 2, 0, 28, 11, 14, 1, 22, 13, 1, 182, 50),
(794, 3, 794, 26, 712, 3, 1, 26, 25, 6, 2, 19, 14, 0, 150, 60),
(795, 9, 795, 47, 713, 3, 1, 10, 24, 5, 2, 24, 12, 0, 206, 42),
(796, 7, 796, 12, 714, 1, 0, 28, 24, 3, 2, 10, 10, 0, 163, 58),
(797, 5, 797, 31, 715, 1, 1, 27, 28, 18, 2, 23, 15, 1, 180, 74),
(798, 10, 798, 17, 716, 1, 1, 14, 15, 4, 2, 17, 10, 1, 157, 31),
(799, 7, 799, 33, 717, 2, 0, 20, 18, 2, 2, 24, 12, 1, 228, 35),
(800, 9, 800, 11, 718, 3, 0, 15, 26, 8, 2, 17, 15, 0, 248, 46);

INSERT INTO demanda_matricula (id_registro, id_periodo, id_curso_dim, id_docente, id_aula_dim, id_horario, docente_disponible, alumnos_nuevos, alumnos_prerrequisito, alumnos_repitentes, veces_llevado, carga_academica_proyectada, duracion_semanas, laboratorio, tiempo_matricula_min, alumnos_matriculados) VALUES
(801, 1, 801, 28, 640, 2, 1, 36, 20, 5, 2, 16, 14, 1, 168, 63),
(802, 7, 802, 32, 719, 2, 1, 10, 18, 12, 1, 17, 12, 0, 251, 38),
(803, 6, 803, 1, 720, 1, 1, 28, 16, 19, 2, 11, 8, 0, 163, 67),
(804, 10, 804, 47, 721, 3, 0, 37, 21, 3, 2, 12, 13, 0, 143, 65),
(805, 9, 805, 28, 722, 3, 0, 16, 18, 1, 2, 18, 14, 0, 173, 31),
(806, 1, 806, 42, 723, 1, 0, 31, 14, 3, 1, 10, 15, 0, 269, 50),
(807, 4, 807, 7, 724, 3, 0, 22, 28, 7, 2, 17, 13, 0, 244, 58),
(808, 9, 808, 2, 725, 1, 0, 17, 18, 12, 1, 17, 10, 0, 203, 51),
(809, 4, 809, 42, 726, 2, 1, 34, 22, 9, 2, 16, 14, 1, 230, 68),
(810, 10, 810, 24, 727, 2, 1, 17, 26, 17, 2, 22, 11, 0, 253, 56),
(811, 3, 811, 4, 728, 1, 1, 38, 13, 8, 1, 23, 13, 1, 252, 58),
(812, 9, 812, 44, 729, 2, 0, 34, 21, 0, 2, 20, 9, 1, 152, 55),
(813, 2, 813, 19, 730, 2, 0, 29, 10, 12, 1, 14, 15, 1, 236, 47),
(814, 4, 814, 26, 731, 1, 0, 6, 12, 17, 1, 13, 9, 1, 244, 31),
(815, 6, 815, 11, 732, 2, 1, 22, 17, 14, 2, 19, 8, 1, 216, 57),
(816, 2, 816, 40, 733, 3, 0, 9, 22, 1, 2, 19, 15, 0, 239, 30),
(817, 8, 817, 43, 734, 2, 0, 23, 9, 10, 1, 22, 14, 1, 150, 44),
(818, 8, 818, 11, 735, 1, 1, 22, 10, 13, 1, 24, 15, 1, 155, 44),
(819, 1, 819, 45, 736, 3, 0, 36, 25, 14, 2, 19, 8, 1, 240, 78),
(820, 3, 820, 3, 737, 3, 1, 25, 23, 13, 2, 23, 15, 0, 266, 59),
(821, 10, 821, 12, 738, 2, 0, 14, 8, 15, 2, 19, 14, 1, 178, 34),
(822, 9, 822, 3, 739, 3, 0, 26, 11, 14, 1, 15, 10, 1, 257, 55),
(823, 5, 823, 42, 740, 1, 1, 17, 8, 18, 2, 21, 11, 1, 245, 45),
(824, 6, 824, 27, 741, 3, 1, 21, 29, 8, 1, 20, 11, 1, 251, 53),
(825, 4, 825, 49, 742, 2, 1, 13, 15, 4, 2, 10, 12, 0, 260, 35),
(826, 10, 826, 2, 743, 2, 1, 28, 16, 4, 1, 22, 8, 1, 153, 46),
(827, 2, 827, 49, 744, 3, 1, 18, 18, 10, 1, 14, 14, 0, 198, 49),
(828, 8, 828, 16, 357, 1, 1, 12, 17, 19, 2, 23, 13, 0, 174, 50),
(829, 6, 829, 2, 745, 1, 0, 23, 14, 3, 1, 13, 9, 1, 185, 37),
(830, 5, 830, 30, 746, 2, 0, 32, 22, 19, 1, 13, 13, 1, 190, 70),
(831, 9, 831, 20, 279, 2, 1, 34, 20, 17, 1, 16, 9, 0, 215, 74),
(832, 1, 832, 38, 747, 1, 0, 11, 9, 2, 1, 18, 10, 1, 204, 19),
(833, 5, 833, 28, 748, 3, 1, 30, 12, 3, 1, 17, 9, 1, 262, 43),
(834, 6, 834, 25, 749, 3, 0, 15, 18, 13, 2, 20, 13, 1, 260, 49),
(835, 5, 835, 32, 750, 3, 1, 18, 9, 6, 2, 22, 15, 0, 195, 31),
(836, 6, 836, 10, 751, 3, 0, 25, 28, 7, 1, 23, 13, 0, 214, 57),
(837, 6, 837, 42, 752, 1, 0, 12, 12, 15, 2, 21, 11, 1, 255, 40),
(838, 7, 838, 40, 725, 2, 0, 7, 29, 19, 1, 17, 14, 1, 235, 55),
(839, 4, 839, 33, 753, 2, 0, 32, 10, 14, 1, 14, 11, 0, 211, 51),
(840, 8, 840, 13, 754, 3, 0, 33, 20, 6, 2, 15, 8, 0, 260, 63),
(841, 7, 841, 41, 565, 1, 1, 27, 8, 16, 1, 11, 15, 0, 156, 53),
(842, 9, 842, 42, 638, 1, 1, 22, 16, 11, 1, 22, 13, 0, 217, 44),
(843, 7, 843, 47, 755, 3, 1, 39, 15, 17, 1, 20, 15, 0, 212, 69),
(844, 3, 844, 37, 756, 3, 0, 17, 7, 13, 2, 23, 15, 0, 229, 37),
(845, 3, 845, 16, 757, 3, 1, 16, 16, 14, 2, 12, 14, 0, 243, 46),
(846, 8, 846, 45, 758, 2, 0, 9, 9, 14, 1, 14, 10, 1, 244, 33),
(847, 5, 847, 22, 759, 3, 0, 15, 10, 4, 1, 11, 9, 0, 186, 28),
(848, 4, 848, 20, 760, 2, 0, 15, 23, 15, 1, 12, 8, 0, 237, 52),
(849, 8, 849, 43, 761, 1, 1, 35, 22, 4, 1, 13, 12, 1, 235, 59),
(850, 6, 850, 27, 762, 1, 0, 35, 20, 1, 1, 15, 15, 1, 197, 56),
(851, 2, 851, 41, 763, 2, 1, 17, 27, 19, 2, 14, 12, 1, 162, 64),
(852, 4, 852, 16, 764, 2, 1, 18, 15, 8, 2, 19, 14, 0, 180, 45),
(853, 4, 853, 34, 765, 2, 0, 29, 9, 8, 2, 13, 9, 0, 162, 50),
(854, 6, 854, 32, 766, 2, 0, 37, 13, 3, 2, 22, 9, 1, 136, 48),
(855, 6, 855, 26, 767, 3, 1, 37, 7, 14, 1, 24, 14, 1, 261, 61),
(856, 1, 856, 25, 768, 1, 1, 19, 12, 10, 1, 11, 9, 1, 151, 43),
(857, 8, 857, 2, 725, 3, 1, 20, 10, 0, 2, 21, 11, 0, 193, 31),
(858, 6, 858, 12, 764, 2, 1, 10, 8, 17, 2, 20, 9, 1, 266, 38),
(859, 3, 859, 40, 769, 3, 1, 29, 16, 0, 1, 14, 12, 0, 211, 42),
(860, 9, 860, 9, 770, 3, 1, 19, 16, 7, 2, 14, 9, 0, 265, 46),
(861, 2, 861, 12, 771, 1, 0, 8, 29, 15, 1, 20, 13, 0, 249, 50),
(862, 8, 862, 26, 167, 3, 1, 8, 25, 17, 1, 16, 14, 0, 231, 51),
(863, 10, 863, 9, 772, 1, 1, 34, 20, 8, 1, 10, 10, 1, 239, 62),
(864, 3, 864, 10, 773, 2, 1, 38, 14, 11, 2, 13, 12, 1, 158, 59),
(865, 5, 865, 32, 244, 3, 1, 31, 26, 18, 2, 20, 10, 1, 169, 71),
(866, 6, 866, 34, 774, 2, 0, 35, 18, 17, 2, 14, 12, 0, 136, 74),
(867, 10, 867, 48, 676, 1, 0, 36, 17, 4, 2, 17, 15, 1, 167, 58),
(868, 6, 868, 20, 775, 2, 1, 13, 13, 1, 2, 21, 8, 0, 210, 30),
(869, 4, 869, 39, 776, 2, 1, 12, 11, 6, 1, 24, 13, 0, 220, 32),
(870, 3, 870, 2, 777, 1, 1, 18, 16, 9, 2, 21, 12, 0, 215, 44),
(871, 4, 871, 1, 778, 2, 0, 37, 9, 14, 1, 17, 15, 1, 196, 62),
(872, 1, 872, 36, 779, 2, 0, 27, 22, 6, 1, 10, 13, 0, 177, 59),
(873, 4, 873, 24, 780, 2, 0, 25, 8, 4, 1, 14, 12, 0, 255, 34),
(874, 1, 874, 27, 781, 3, 0, 16, 6, 14, 2, 19, 10, 1, 193, 31),
(875, 1, 875, 2, 782, 2, 0, 6, 7, 19, 2, 10, 10, 1, 143, 33),
(876, 10, 876, 31, 783, 1, 0, 17, 16, 19, 2, 10, 14, 1, 211, 54),
(877, 6, 877, 14, 784, 3, 1, 8, 7, 14, 2, 11, 12, 0, 197, 25),
(878, 5, 878, 2, 342, 3, 0, 24, 8, 9, 2, 11, 12, 0, 186, 44),
(879, 4, 879, 29, 785, 1, 0, 18, 10, 13, 2, 24, 11, 1, 157, 39),
(880, 3, 880, 15, 786, 2, 1, 34, 16, 9, 2, 24, 13, 0, 164, 63),
(881, 1, 881, 12, 787, 3, 0, 33, 23, 16, 2, 18, 13, 0, 155, 75),
(882, 6, 882, 37, 481, 3, 1, 12, 14, 13, 1, 13, 13, 1, 177, 36),
(883, 2, 883, 28, 137, 3, 0, 16, 5, 1, 2, 12, 13, 1, 269, 24),
(884, 8, 884, 20, 788, 2, 1, 30, 21, 15, 1, 20, 8, 1, 150, 62),
(885, 10, 885, 39, 789, 3, 1, 6, 20, 12, 1, 10, 8, 1, 157, 35),
(886, 5, 886, 24, 731, 1, 1, 18, 13, 8, 1, 21, 15, 1, 221, 34),
(887, 7, 887, 21, 790, 2, 1, 10, 29, 6, 1, 11, 9, 1, 165, 44),
(888, 10, 888, 10, 791, 1, 1, 35, 25, 15, 2, 15, 12, 1, 255, 73),
(889, 2, 889, 46, 570, 1, 0, 21, 13, 9, 2, 18, 12, 1, 203, 38),
(890, 8, 890, 14, 792, 3, 0, 29, 27, 8, 1, 14, 12, 0, 268, 68),
(891, 2, 891, 37, 793, 3, 1, 36, 13, 6, 1, 13, 12, 0, 249, 58),
(892, 4, 892, 18, 794, 3, 1, 16, 16, 15, 1, 22, 13, 0, 193, 47),
(893, 1, 893, 24, 795, 1, 1, 17, 27, 8, 2, 14, 13, 0, 211, 52),
(894, 5, 894, 14, 796, 2, 0, 23, 13, 16, 1, 18, 8, 0, 141, 48),
(895, 9, 895, 34, 797, 3, 1, 29, 19, 19, 1, 21, 10, 0, 171, 68),
(896, 1, 896, 12, 798, 3, 1, 35, 6, 6, 2, 22, 11, 0, 220, 50),
(897, 9, 897, 22, 793, 1, 1, 29, 15, 10, 1, 16, 13, 0, 150, 54),
(898, 8, 898, 6, 632, 2, 1, 20, 15, 7, 2, 17, 13, 0, 250, 44),
(899, 6, 899, 36, 799, 1, 0, 27, 12, 6, 2, 24, 14, 0, 252, 44),
(900, 7, 900, 45, 83, 3, 1, 18, 27, 18, 1, 13, 13, 0, 148, 59),
(901, 3, 901, 36, 800, 1, 1, 10, 10, 19, 1, 20, 10, 1, 221, 37),
(902, 1, 902, 22, 801, 3, 0, 29, 25, 11, 1, 17, 10, 0, 238, 60),
(903, 5, 903, 14, 23, 2, 1, 27, 24, 6, 2, 15, 8, 1, 178, 52),
(904, 2, 904, 16, 802, 1, 1, 16, 11, 7, 2, 14, 13, 0, 162, 34),
(905, 5, 905, 36, 803, 3, 0, 17, 7, 6, 2, 22, 15, 1, 150, 26),
(906, 8, 906, 25, 169, 3, 0, 38, 12, 5, 1, 21, 14, 0, 184, 55),
(907, 9, 907, 32, 804, 3, 0, 10, 22, 8, 1, 16, 11, 1, 249, 35),
(908, 2, 908, 33, 805, 3, 1, 12, 21, 12, 1, 15, 12, 0, 202, 49),
(909, 3, 909, 45, 806, 1, 1, 12, 15, 6, 1, 12, 13, 1, 226, 30),
(910, 3, 910, 36, 807, 3, 0, 37, 6, 7, 1, 14, 8, 0, 255, 53),
(911, 1, 911, 20, 711, 1, 0, 38, 29, 16, 1, 18, 8, 1, 150, 79),
(912, 8, 912, 18, 808, 3, 0, 19, 25, 16, 2, 16, 15, 0, 187, 62),
(913, 6, 913, 38, 809, 1, 1, 39, 28, 15, 2, 21, 11, 1, 183, 82),
(914, 8, 914, 3, 810, 1, 1, 26, 23, 1, 2, 13, 14, 1, 196, 50),
(915, 9, 915, 23, 503, 3, 0, 27, 11, 7, 1, 16, 9, 1, 218, 46),
(916, 5, 916, 32, 20, 3, 1, 26, 22, 16, 2, 14, 8, 1, 190, 63),
(917, 3, 917, 45, 811, 3, 0, 9, 12, 12, 2, 20, 10, 1, 254, 31),
(918, 5, 918, 16, 812, 3, 1, 35, 18, 17, 2, 22, 10, 1, 224, 70),
(919, 5, 919, 5, 813, 2, 1, 17, 11, 9, 1, 24, 12, 1, 254, 39),
(920, 5, 920, 4, 814, 3, 1, 32, 25, 1, 1, 11, 8, 1, 207, 56),
(921, 3, 921, 21, 815, 3, 1, 24, 8, 1, 2, 22, 14, 0, 203, 32),
(922, 10, 922, 40, 816, 3, 0, 37, 21, 13, 1, 15, 12, 0, 232, 72),
(923, 4, 923, 14, 817, 1, 1, 20, 9, 15, 1, 16, 8, 0, 136, 44),
(924, 9, 924, 39, 818, 3, 1, 33, 16, 6, 1, 17, 11, 1, 187, 53),
(925, 10, 925, 31, 819, 1, 0, 27, 13, 11, 1, 15, 13, 1, 253, 49),
(926, 9, 926, 14, 820, 1, 1, 28, 24, 13, 2, 17, 14, 0, 141, 69),
(927, 2, 927, 6, 821, 1, 0, 38, 17, 3, 1, 16, 8, 0, 209, 56),
(928, 8, 928, 12, 822, 1, 0, 11, 29, 3, 2, 11, 14, 1, 229, 38),
(929, 8, 929, 16, 23, 2, 1, 8, 22, 17, 2, 23, 9, 1, 137, 46),
(930, 7, 930, 17, 200, 3, 1, 38, 24, 2, 1, 15, 14, 0, 213, 66),
(931, 8, 931, 45, 823, 1, 0, 26, 13, 0, 1, 18, 14, 1, 151, 40),
(932, 3, 932, 23, 824, 3, 0, 9, 8, 16, 1, 21, 10, 0, 246, 32),
(933, 6, 933, 14, 205, 1, 0, 27, 25, 6, 2, 15, 11, 1, 186, 55),
(934, 1, 934, 7, 825, 2, 1, 19, 12, 15, 2, 13, 13, 0, 141, 41),
(935, 7, 935, 46, 826, 1, 0, 35, 5, 4, 2, 16, 13, 0, 246, 45),
(936, 1, 936, 32, 827, 3, 0, 13, 21, 18, 2, 12, 10, 1, 267, 49),
(937, 9, 937, 15, 828, 3, 0, 29, 29, 6, 2, 14, 14, 0, 188, 62),
(938, 1, 938, 44, 829, 2, 1, 29, 13, 13, 2, 10, 13, 1, 195, 54),
(939, 1, 939, 17, 830, 3, 0, 25, 24, 1, 2, 24, 12, 1, 243, 52),
(940, 7, 940, 41, 831, 3, 1, 13, 17, 2, 1, 19, 11, 1, 150, 33),
(941, 2, 941, 47, 405, 1, 1, 26, 6, 16, 2, 12, 9, 1, 181, 51),
(942, 5, 942, 44, 832, 3, 0, 27, 17, 15, 2, 17, 10, 1, 182, 56),
(943, 8, 943, 34, 833, 1, 1, 8, 13, 7, 2, 18, 8, 0, 255, 32),
(944, 8, 944, 5, 381, 2, 0, 33, 24, 17, 2, 18, 8, 1, 198, 69),
(945, 3, 945, 45, 554, 3, 1, 19, 10, 14, 1, 24, 8, 1, 184, 38),
(946, 7, 946, 27, 539, 1, 1, 5, 5, 6, 2, 19, 15, 0, 175, 20),
(947, 3, 947, 23, 834, 3, 0, 34, 29, 8, 2, 11, 11, 1, 156, 66),
(948, 6, 948, 40, 835, 1, 0, 33, 9, 5, 1, 13, 9, 0, 249, 43),
(949, 6, 949, 14, 836, 2, 0, 24, 7, 17, 1, 14, 13, 1, 139, 44),
(950, 3, 950, 15, 837, 1, 1, 37, 8, 17, 2, 24, 9, 0, 235, 63),
(951, 7, 951, 43, 427, 3, 1, 26, 5, 13, 2, 12, 9, 1, 212, 47),
(952, 3, 952, 33, 838, 1, 0, 17, 18, 13, 2, 22, 10, 1, 175, 50),
(953, 8, 953, 31, 398, 3, 0, 11, 13, 13, 2, 20, 11, 1, 226, 35),
(954, 10, 954, 35, 496, 2, 1, 12, 28, 3, 2, 10, 8, 1, 156, 39),
(955, 4, 955, 17, 839, 1, 1, 32, 8, 3, 2, 15, 10, 1, 187, 40),
(956, 1, 956, 28, 840, 3, 1, 13, 22, 14, 1, 23, 13, 0, 227, 53),
(957, 4, 957, 19, 841, 3, 0, 29, 18, 14, 1, 24, 9, 0, 144, 60),
(958, 7, 958, 46, 6, 3, 1, 20, 29, 17, 2, 19, 14, 1, 183, 69),
(959, 4, 959, 23, 842, 1, 0, 14, 8, 13, 2, 11, 8, 0, 205, 37),
(960, 6, 960, 32, 334, 1, 1, 15, 29, 0, 2, 18, 15, 1, 153, 41),
(961, 9, 961, 40, 843, 1, 1, 35, 14, 9, 1, 10, 11, 1, 189, 61),
(962, 1, 962, 13, 844, 2, 0, 16, 7, 19, 2, 20, 12, 1, 155, 46),
(963, 5, 963, 20, 845, 3, 0, 35, 27, 9, 1, 18, 15, 0, 160, 68),
(964, 7, 964, 35, 846, 3, 0, 18, 11, 9, 1, 16, 9, 1, 162, 42),
(965, 1, 965, 5, 847, 2, 1, 36, 14, 1, 2, 20, 9, 0, 174, 53),
(966, 4, 966, 9, 848, 2, 1, 21, 17, 7, 1, 22, 9, 1, 163, 40),
(967, 6, 967, 29, 288, 1, 1, 39, 8, 0, 2, 19, 9, 1, 154, 45),
(968, 2, 968, 6, 849, 1, 0, 5, 22, 0, 1, 11, 8, 0, 154, 25),
(969, 10, 969, 25, 850, 1, 1, 33, 15, 3, 2, 23, 11, 1, 208, 51),
(970, 5, 970, 31, 193, 1, 0, 8, 29, 6, 2, 15, 15, 0, 254, 39),
(971, 10, 971, 22, 255, 1, 0, 27, 8, 8, 1, 17, 10, 1, 231, 44),
(972, 1, 972, 2, 851, 1, 0, 32, 28, 15, 1, 24, 8, 1, 254, 74),
(973, 6, 973, 45, 258, 2, 1, 20, 18, 4, 1, 11, 11, 1, 159, 46),
(974, 6, 974, 5, 852, 2, 1, 16, 22, 1, 2, 24, 15, 0, 138, 39),
(975, 4, 975, 27, 831, 2, 0, 25, 12, 10, 1, 14, 10, 1, 138, 47),
(976, 8, 976, 25, 853, 3, 1, 21, 14, 17, 1, 22, 9, 0, 160, 52),
(977, 4, 977, 8, 854, 3, 0, 17, 9, 18, 2, 21, 11, 1, 213, 48),
(978, 8, 978, 1, 706, 1, 0, 36, 27, 12, 2, 20, 9, 1, 224, 77),
(979, 8, 979, 20, 855, 2, 1, 19, 11, 10, 1, 15, 14, 0, 205, 44),
(980, 5, 980, 44, 856, 3, 0, 16, 16, 19, 1, 12, 11, 1, 210, 49),
(981, 4, 981, 23, 857, 3, 0, 19, 29, 18, 1, 23, 13, 1, 233, 70),
(982, 2, 982, 32, 858, 2, 1, 38, 7, 16, 2, 21, 12, 0, 261, 63),
(983, 3, 983, 11, 859, 3, 0, 10, 8, 4, 2, 11, 9, 0, 166, 25),
(984, 3, 984, 39, 860, 3, 0, 21, 14, 12, 1, 24, 9, 0, 143, 45),
(985, 4, 985, 47, 861, 2, 0, 24, 8, 19, 2, 20, 9, 1, 212, 46),
(986, 4, 986, 24, 862, 3, 0, 13, 19, 0, 1, 15, 13, 0, 147, 29),
(987, 10, 987, 11, 618, 2, 0, 9, 14, 9, 1, 12, 8, 0, 258, 27),
(988, 5, 988, 29, 863, 3, 0, 27, 25, 7, 2, 11, 10, 1, 230, 60),
(989, 4, 989, 26, 864, 2, 0, 37, 26, 7, 1, 24, 9, 0, 217, 65),
(990, 10, 990, 16, 865, 3, 1, 18, 20, 18, 1, 10, 9, 0, 152, 54),
(991, 8, 991, 35, 218, 3, 1, 21, 19, 5, 2, 23, 15, 1, 227, 40),
(992, 6, 992, 20, 866, 2, 0, 23, 23, 11, 1, 17, 15, 0, 158, 53),
(993, 6, 993, 46, 867, 3, 0, 37, 24, 6, 1, 10, 8, 1, 236, 62),
(994, 8, 994, 3, 868, 2, 1, 5, 23, 15, 2, 21, 8, 0, 194, 42),
(995, 7, 995, 1, 869, 2, 1, 17, 22, 8, 1, 24, 12, 0, 194, 48),
(996, 10, 996, 47, 870, 3, 1, 31, 16, 9, 1, 14, 11, 1, 234, 53),
(997, 10, 997, 1, 871, 1, 1, 10, 29, 9, 2, 20, 9, 0, 135, 50),
(998, 8, 998, 17, 872, 3, 1, 10, 20, 9, 2, 15, 11, 1, 177, 38),
(999, 2, 999, 2, 873, 1, 0, 37, 5, 19, 2, 20, 14, 0, 189, 60),
(1000, 9, 1000, 29, 874, 1, 1, 34, 20, 15, 1, 21, 8, 0, 168, 68),
(1001, 1, 1001, 20, 875, 3, 1, 39, 6, 0, 2, 21, 8, 1, 168, 47),
(1002, 8, 1002, 6, 876, 1, 1, 27, 28, 16, 1, 12, 12, 1, 244, 67),
(1003, 4, 1003, 8, 877, 2, 0, 14, 19, 13, 2, 23, 10, 0, 218, 42),
(1004, 4, 1004, 29, 878, 2, 0, 23, 11, 18, 1, 16, 13, 0, 224, 54),
(1005, 5, 1005, 48, 879, 1, 0, 32, 5, 16, 1, 11, 13, 0, 213, 56),
(1006, 8, 1006, 33, 880, 2, 0, 27, 9, 13, 2, 16, 13, 1, 205, 53),
(1007, 5, 1007, 3, 507, 3, 0, 8, 14, 7, 1, 11, 8, 1, 205, 33),
(1008, 8, 1008, 35, 858, 2, 0, 24, 26, 8, 1, 14, 9, 0, 248, 54),
(1009, 10, 1009, 5, 228, 1, 1, 23, 25, 7, 2, 16, 15, 0, 163, 53),
(1010, 1, 1010, 27, 661, 3, 0, 31, 8, 12, 1, 20, 12, 0, 231, 53),
(1011, 10, 1011, 44, 881, 2, 0, 38, 18, 16, 1, 20, 10, 1, 187, 68),
(1012, 9, 1012, 12, 652, 3, 1, 8, 17, 18, 1, 23, 14, 0, 198, 41),
(1013, 6, 1013, 20, 9, 1, 0, 11, 5, 6, 2, 12, 13, 1, 195, 26),
(1014, 3, 1014, 45, 882, 2, 1, 11, 20, 16, 2, 23, 12, 1, 242, 42),
(1015, 8, 1015, 20, 883, 3, 1, 30, 27, 0, 2, 20, 15, 0, 171, 53),
(1016, 9, 1016, 9, 218, 3, 0, 30, 13, 4, 2, 13, 15, 1, 269, 48),
(1017, 6, 1017, 39, 884, 2, 1, 23, 26, 5, 2, 10, 8, 1, 142, 49),
(1018, 7, 1018, 4, 885, 3, 1, 13, 20, 1, 2, 12, 13, 0, 212, 29),
(1019, 1, 1019, 19, 886, 3, 1, 24, 23, 15, 2, 18, 10, 0, 202, 58),
(1020, 5, 1020, 38, 887, 1, 1, 20, 19, 4, 2, 19, 14, 0, 155, 41),
(1021, 5, 1021, 27, 888, 1, 0, 21, 18, 4, 1, 14, 11, 0, 228, 44),
(1022, 10, 1022, 45, 889, 1, 1, 26, 24, 11, 1, 24, 15, 0, 209, 59),
(1023, 4, 1023, 43, 890, 1, 0, 17, 14, 2, 1, 24, 15, 0, 212, 32),
(1024, 6, 1024, 13, 891, 1, 1, 16, 25, 15, 1, 17, 14, 0, 200, 54),
(1025, 7, 1025, 13, 892, 1, 1, 14, 16, 5, 2, 11, 15, 1, 188, 33),
(1026, 9, 1026, 22, 893, 2, 1, 5, 5, 14, 1, 12, 10, 0, 234, 27),
(1027, 1, 1027, 28, 894, 1, 0, 36, 25, 14, 1, 16, 14, 0, 155, 75),
(1028, 6, 1028, 47, 895, 3, 0, 34, 21, 15, 1, 23, 9, 0, 187, 67),
(1029, 7, 1029, 45, 896, 2, 0, 12, 13, 19, 1, 19, 13, 0, 217, 44),
(1030, 3, 1030, 22, 897, 3, 1, 25, 27, 12, 1, 13, 13, 0, 138, 65),
(1031, 8, 1031, 43, 331, 1, 1, 26, 23, 11, 2, 18, 11, 0, 189, 61),
(1032, 5, 1032, 19, 898, 1, 1, 22, 29, 9, 2, 23, 14, 1, 149, 62),
(1033, 9, 1033, 8, 899, 3, 1, 6, 22, 13, 1, 16, 11, 0, 198, 39),
(1034, 5, 1034, 8, 628, 3, 0, 13, 11, 1, 1, 23, 14, 1, 246, 20),
(1035, 9, 1035, 42, 432, 3, 1, 7, 13, 2, 1, 20, 13, 0, 252, 22),
(1036, 10, 1036, 26, 900, 2, 0, 30, 26, 8, 1, 21, 9, 1, 154, 66),
(1037, 4, 1037, 48, 901, 1, 1, 25, 25, 10, 2, 10, 15, 1, 198, 59),
(1038, 9, 1038, 26, 902, 3, 0, 34, 16, 10, 1, 13, 14, 1, 167, 57),
(1039, 5, 1039, 23, 903, 1, 0, 32, 11, 9, 2, 19, 11, 0, 215, 50),
(1040, 10, 1040, 43, 845, 3, 1, 30, 18, 13, 1, 20, 8, 0, 260, 63),
(1041, 9, 1041, 13, 904, 1, 1, 38, 19, 8, 2, 15, 15, 0, 203, 65),
(1042, 3, 1042, 28, 78, 2, 0, 12, 19, 19, 2, 15, 13, 0, 228, 49),
(1043, 4, 1043, 9, 905, 1, 1, 14, 10, 9, 2, 19, 10, 0, 202, 36),
(1044, 9, 1044, 20, 906, 3, 1, 18, 25, 8, 1, 15, 10, 0, 221, 55),
(1045, 10, 1045, 19, 907, 1, 0, 19, 18, 4, 1, 14, 15, 1, 155, 38),
(1046, 6, 1046, 48, 461, 2, 0, 21, 6, 7, 2, 12, 9, 1, 197, 35),
(1047, 2, 1047, 39, 908, 2, 0, 22, 12, 10, 1, 11, 8, 1, 219, 47),
(1048, 7, 1048, 12, 909, 1, 0, 36, 17, 0, 1, 12, 11, 0, 268, 51),
(1049, 2, 1049, 15, 166, 3, 1, 27, 27, 9, 2, 18, 14, 0, 158, 67),
(1050, 2, 1050, 31, 910, 2, 0, 27, 10, 0, 1, 12, 13, 1, 245, 41),
(1051, 1, 1051, 14, 911, 2, 0, 39, 9, 6, 2, 12, 10, 0, 229, 51),
(1052, 3, 1052, 11, 567, 1, 0, 19, 9, 13, 1, 10, 10, 0, 217, 36),
(1053, 6, 1053, 26, 912, 2, 1, 28, 29, 4, 1, 11, 10, 0, 236, 64),
(1054, 8, 1054, 42, 913, 2, 0, 32, 5, 16, 2, 20, 10, 1, 212, 48),
(1055, 9, 1055, 27, 914, 3, 1, 20, 13, 5, 2, 21, 12, 1, 258, 34),
(1056, 7, 1056, 11, 915, 3, 0, 20, 10, 15, 2, 12, 9, 0, 254, 48),
(1057, 4, 1057, 38, 916, 3, 0, 10, 24, 10, 2, 11, 11, 1, 149, 43),
(1058, 6, 1058, 34, 917, 1, 1, 6, 11, 9, 1, 17, 13, 1, 217, 24),
(1059, 5, 1059, 43, 918, 2, 0, 17, 13, 14, 1, 15, 13, 0, 140, 47),
(1060, 8, 1060, 19, 919, 1, 0, 13, 9, 6, 1, 16, 13, 0, 201, 31),
(1061, 1, 1061, 6, 920, 2, 1, 38, 18, 1, 2, 10, 11, 1, 256, 53),
(1062, 1, 1062, 46, 921, 2, 0, 21, 9, 11, 1, 15, 9, 1, 218, 38),
(1063, 6, 1063, 38, 922, 2, 0, 31, 12, 18, 1, 11, 15, 0, 245, 58),
(1064, 10, 1064, 49, 923, 3, 0, 33, 11, 11, 1, 22, 15, 0, 198, 54),
(1065, 2, 1065, 42, 924, 1, 0, 26, 17, 15, 2, 24, 8, 0, 260, 55),
(1066, 5, 1066, 28, 925, 1, 1, 28, 17, 5, 2, 15, 14, 1, 162, 54),
(1067, 1, 1067, 1, 907, 2, 0, 11, 12, 2, 1, 12, 15, 1, 232, 25),
(1068, 7, 1068, 35, 926, 1, 1, 38, 15, 1, 1, 16, 14, 0, 147, 50),
(1069, 1, 1069, 40, 927, 3, 0, 16, 22, 19, 2, 12, 9, 0, 220, 57),
(1070, 4, 1070, 8, 928, 1, 1, 27, 29, 4, 2, 18, 10, 0, 155, 60),
(1071, 9, 1071, 47, 929, 2, 0, 19, 23, 10, 2, 12, 14, 0, 197, 48),
(1072, 1, 1072, 7, 930, 3, 1, 37, 10, 2, 2, 16, 10, 1, 245, 49),
(1073, 4, 1073, 11, 931, 3, 0, 17, 26, 2, 1, 21, 9, 0, 210, 45),
(1074, 6, 1074, 39, 220, 2, 1, 27, 6, 4, 2, 13, 9, 0, 207, 37),
(1075, 6, 1075, 4, 254, 1, 1, 36, 17, 10, 1, 17, 11, 1, 141, 62),
(1076, 8, 1076, 25, 932, 2, 0, 39, 27, 2, 2, 23, 11, 0, 206, 69),
(1077, 1, 1077, 12, 933, 1, 1, 5, 29, 12, 1, 11, 12, 1, 263, 45),
(1078, 7, 1078, 26, 934, 1, 0, 9, 15, 7, 1, 17, 13, 1, 265, 26),
(1079, 1, 1079, 38, 935, 3, 0, 17, 5, 19, 2, 18, 12, 1, 238, 44),
(1080, 7, 1080, 46, 936, 2, 0, 9, 28, 9, 1, 22, 13, 0, 162, 43),
(1081, 3, 1081, 12, 937, 3, 0, 36, 6, 1, 1, 17, 10, 1, 177, 39),
(1082, 8, 1082, 43, 938, 2, 0, 25, 21, 3, 1, 15, 12, 0, 231, 53),
(1083, 3, 1083, 37, 939, 2, 1, 28, 12, 17, 2, 19, 12, 1, 180, 57),
(1084, 1, 1084, 46, 367, 3, 0, 22, 6, 18, 2, 10, 8, 1, 135, 48),
(1085, 8, 1085, 24, 940, 2, 0, 25, 10, 3, 2, 16, 9, 1, 236, 34),
(1086, 3, 1086, 16, 941, 2, 0, 14, 26, 19, 1, 10, 11, 0, 169, 57),
(1087, 2, 1087, 13, 942, 1, 0, 28, 9, 8, 1, 16, 12, 0, 188, 41),
(1088, 1, 1088, 25, 943, 2, 0, 25, 20, 15, 1, 23, 11, 1, 158, 63),
(1089, 3, 1089, 4, 515, 2, 0, 29, 12, 5, 1, 11, 13, 0, 156, 50),
(1090, 2, 1090, 11, 944, 3, 1, 27, 23, 3, 2, 17, 12, 1, 150, 49),
(1091, 2, 1091, 32, 945, 3, 1, 26, 20, 8, 1, 11, 13, 1, 147, 58),
(1092, 6, 1092, 49, 946, 2, 0, 8, 17, 12, 1, 12, 15, 1, 234, 33),
(1093, 1, 1093, 7, 947, 1, 1, 38, 24, 8, 1, 22, 15, 1, 234, 69),
(1094, 2, 1094, 46, 948, 1, 0, 10, 11, 5, 2, 21, 12, 0, 196, 25),
(1095, 6, 1095, 11, 949, 3, 0, 32, 20, 18, 1, 12, 15, 1, 221, 71),
(1096, 3, 1096, 28, 950, 2, 0, 35, 27, 13, 2, 10, 14, 0, 212, 70),
(1097, 4, 1097, 41, 444, 2, 0, 39, 20, 14, 2, 14, 10, 1, 201, 69),
(1098, 1, 1098, 23, 951, 1, 0, 27, 16, 2, 1, 14, 8, 1, 225, 45),
(1099, 8, 1099, 45, 952, 1, 1, 10, 18, 4, 1, 19, 13, 1, 167, 28),
(1100, 7, 1100, 23, 256, 1, 1, 20, 28, 17, 1, 14, 9, 1, 249, 63),
(1101, 7, 1101, 28, 953, 3, 1, 6, 22, 13, 1, 23, 9, 1, 153, 45),
(1102, 3, 1102, 43, 954, 2, 1, 28, 22, 15, 2, 22, 10, 0, 258, 65),
(1103, 10, 1103, 47, 634, 3, 0, 21, 20, 13, 2, 18, 15, 0, 254, 55),
(1104, 10, 1104, 26, 955, 2, 1, 5, 24, 8, 2, 15, 10, 1, 231, 41),
(1105, 3, 1105, 25, 956, 3, 0, 10, 20, 14, 2, 15, 15, 0, 158, 43),
(1106, 2, 1106, 29, 803, 2, 1, 9, 17, 6, 2, 12, 14, 0, 161, 34),
(1107, 1, 1107, 19, 957, 1, 1, 33, 13, 13, 2, 14, 9, 1, 209, 59),
(1108, 7, 1108, 33, 958, 1, 1, 16, 13, 5, 2, 19, 13, 1, 157, 33),
(1109, 7, 1109, 36, 959, 1, 1, 7, 17, 14, 2, 16, 9, 1, 175, 36),
(1110, 2, 1110, 14, 960, 3, 0, 5, 8, 19, 2, 12, 8, 1, 190, 32),
(1111, 7, 1111, 14, 961, 1, 1, 31, 13, 7, 2, 11, 12, 0, 232, 51),
(1112, 8, 1112, 35, 962, 2, 1, 28, 19, 1, 1, 14, 15, 0, 140, 48),
(1113, 1, 1113, 30, 705, 3, 0, 23, 18, 7, 1, 12, 8, 0, 174, 43),
(1114, 9, 1114, 28, 645, 2, 0, 12, 23, 0, 1, 14, 14, 0, 176, 35),
(1115, 7, 1115, 17, 173, 3, 1, 6, 16, 16, 2, 18, 14, 1, 166, 33),
(1116, 3, 1116, 3, 963, 2, 0, 34, 25, 18, 1, 20, 15, 1, 144, 76),
(1117, 8, 1117, 16, 609, 2, 0, 34, 29, 4, 2, 19, 15, 1, 203, 68),
(1118, 7, 1118, 46, 964, 3, 0, 36, 10, 19, 2, 10, 9, 1, 143, 60),
(1119, 8, 1119, 30, 262, 3, 1, 5, 7, 15, 1, 13, 12, 0, 203, 22),
(1120, 6, 1120, 29, 965, 1, 0, 17, 29, 6, 2, 19, 9, 0, 233, 52),
(1121, 9, 1121, 45, 966, 1, 1, 15, 26, 6, 1, 24, 8, 1, 208, 48),
(1122, 5, 1122, 15, 967, 2, 1, 14, 24, 17, 2, 14, 8, 0, 237, 55),
(1123, 3, 1123, 46, 968, 2, 1, 30, 20, 17, 2, 11, 15, 0, 257, 66),
(1124, 3, 1124, 25, 969, 2, 1, 24, 24, 1, 1, 21, 13, 1, 236, 49),
(1125, 1, 1125, 38, 970, 3, 0, 21, 28, 14, 1, 11, 13, 0, 142, 60),
(1126, 8, 1126, 42, 722, 3, 1, 21, 27, 13, 1, 10, 8, 1, 153, 64),
(1127, 2, 1127, 47, 971, 1, 0, 8, 21, 17, 1, 23, 12, 0, 136, 45),
(1128, 3, 1128, 38, 972, 2, 1, 9, 20, 8, 1, 17, 15, 0, 189, 33),
(1129, 8, 1129, 23, 973, 1, 0, 27, 10, 13, 1, 11, 14, 1, 151, 54),
(1130, 8, 1130, 25, 974, 3, 1, 14, 12, 4, 2, 12, 13, 1, 195, 34),
(1131, 4, 1131, 42, 975, 3, 0, 32, 23, 10, 2, 24, 13, 1, 265, 66),
(1132, 4, 1132, 7, 487, 3, 1, 37, 29, 7, 2, 21, 11, 0, 220, 70),
(1133, 5, 1133, 22, 976, 1, 1, 30, 6, 4, 2, 11, 11, 1, 169, 35),
(1134, 6, 1134, 17, 977, 3, 0, 33, 18, 10, 1, 13, 13, 0, 237, 58),
(1135, 5, 1135, 18, 978, 2, 1, 31, 26, 4, 2, 23, 9, 1, 200, 64),
(1136, 7, 1136, 49, 979, 1, 1, 22, 16, 16, 2, 10, 12, 0, 135, 53),
(1137, 2, 1137, 41, 980, 3, 1, 14, 21, 3, 1, 12, 10, 1, 269, 39),
(1138, 7, 1138, 10, 981, 1, 0, 9, 19, 14, 2, 14, 13, 1, 253, 39),
(1139, 10, 1139, 10, 82, 1, 1, 14, 22, 18, 1, 19, 11, 0, 268, 52),
(1140, 7, 1140, 7, 982, 3, 1, 25, 20, 1, 1, 10, 12, 0, 189, 41),
(1141, 1, 1141, 48, 983, 3, 0, 28, 17, 16, 1, 13, 12, 1, 234, 58),
(1142, 7, 1142, 38, 984, 1, 0, 7, 25, 11, 2, 15, 11, 0, 155, 44),
(1143, 5, 1143, 27, 985, 1, 0, 35, 21, 16, 1, 24, 15, 1, 185, 70),
(1144, 3, 1144, 33, 986, 3, 0, 6, 12, 9, 2, 13, 12, 0, 234, 23),
(1145, 3, 1145, 1, 987, 2, 0, 6, 5, 17, 2, 16, 15, 0, 142, 27),
(1146, 4, 1146, 44, 939, 1, 1, 38, 29, 18, 2, 23, 12, 1, 202, 84),
(1147, 2, 1147, 34, 508, 1, 1, 24, 7, 17, 1, 16, 11, 1, 241, 44),
(1148, 2, 1148, 4, 977, 2, 1, 37, 20, 12, 1, 15, 8, 0, 201, 69),
(1149, 1, 1149, 17, 988, 3, 0, 8, 6, 13, 1, 18, 13, 0, 136, 31),
(1150, 5, 1150, 4, 989, 3, 1, 15, 19, 15, 2, 11, 9, 0, 135, 47),
(1151, 4, 1151, 43, 542, 2, 0, 9, 5, 17, 2, 22, 15, 0, 135, 26),
(1152, 10, 1152, 26, 565, 3, 0, 29, 13, 17, 1, 19, 10, 1, 236, 56),
(1153, 2, 1153, 4, 990, 3, 1, 38, 20, 15, 2, 17, 9, 1, 249, 76),
(1154, 3, 1154, 1, 968, 1, 0, 13, 8, 16, 1, 17, 8, 0, 269, 41),
(1155, 7, 1155, 7, 991, 1, 0, 10, 16, 6, 1, 20, 14, 1, 222, 33),
(1156, 7, 1156, 30, 12, 1, 1, 22, 5, 11, 2, 19, 8, 0, 226, 38),
(1157, 4, 1157, 9, 992, 2, 0, 18, 5, 1, 2, 23, 12, 0, 152, 19),
(1158, 5, 1158, 35, 993, 3, 0, 23, 11, 9, 1, 23, 9, 0, 222, 46),
(1159, 5, 1159, 8, 994, 3, 1, 18, 22, 4, 2, 20, 15, 1, 167, 47),
(1160, 6, 1160, 24, 995, 1, 0, 21, 27, 2, 1, 13, 15, 0, 207, 45),
(1161, 9, 1161, 19, 996, 1, 0, 39, 27, 18, 1, 15, 8, 1, 162, 84),
(1162, 2, 1162, 36, 167, 2, 1, 33, 19, 12, 2, 20, 9, 1, 221, 65),
(1163, 5, 1163, 43, 997, 3, 1, 21, 29, 11, 1, 15, 8, 0, 187, 57),
(1164, 3, 1164, 27, 998, 2, 1, 12, 17, 2, 2, 14, 10, 1, 178, 35),
(1165, 4, 1165, 32, 999, 3, 1, 5, 20, 5, 1, 23, 8, 0, 214, 32),
(1166, 10, 1166, 14, 1000, 2, 0, 11, 11, 13, 2, 10, 9, 0, 148, 37),
(1167, 6, 1167, 18, 1001, 1, 0, 9, 20, 3, 2, 12, 12, 1, 237, 32),
(1168, 8, 1168, 28, 167, 2, 1, 28, 17, 12, 1, 16, 9, 0, 170, 60),
(1169, 1, 1169, 29, 1002, 2, 0, 32, 18, 18, 2, 17, 11, 1, 168, 65),
(1170, 10, 1170, 16, 640, 1, 0, 21, 21, 17, 2, 11, 9, 1, 222, 55),
(1171, 8, 1171, 35, 1003, 3, 1, 24, 16, 2, 1, 12, 10, 1, 150, 38),
(1172, 7, 1172, 47, 1004, 3, 1, 7, 28, 19, 2, 13, 13, 0, 175, 54),
(1173, 1, 1173, 31, 1005, 1, 0, 30, 28, 5, 1, 23, 10, 1, 159, 64),
(1174, 2, 1174, 4, 684, 2, 1, 19, 24, 15, 2, 20, 10, 0, 260, 58),
(1175, 3, 1175, 37, 600, 2, 1, 12, 17, 19, 1, 14, 8, 0, 142, 45),
(1176, 1, 1176, 17, 1006, 2, 1, 17, 28, 2, 1, 12, 10, 1, 246, 46),
(1177, 9, 1177, 39, 1007, 3, 0, 7, 24, 11, 1, 14, 9, 1, 228, 44),
(1178, 8, 1178, 48, 973, 2, 1, 5, 19, 18, 1, 17, 15, 0, 218, 42),
(1179, 2, 1179, 46, 1008, 3, 0, 13, 28, 18, 2, 17, 13, 1, 202, 55),
(1180, 9, 1180, 26, 1009, 2, 0, 35, 25, 3, 1, 23, 15, 1, 201, 64),
(1181, 7, 1181, 48, 1010, 1, 0, 30, 8, 0, 2, 11, 14, 1, 245, 40),
(1182, 9, 1182, 39, 1011, 1, 1, 21, 26, 1, 1, 15, 12, 0, 152, 46),
(1183, 6, 1183, 41, 1012, 3, 1, 38, 6, 12, 2, 13, 14, 1, 190, 51),
(1184, 6, 1184, 4, 1013, 3, 1, 13, 22, 12, 1, 18, 10, 0, 169, 43),
(1185, 4, 1185, 30, 1014, 1, 1, 17, 6, 1, 2, 19, 15, 0, 268, 22),
(1186, 10, 1186, 30, 716, 1, 1, 9, 29, 18, 2, 11, 9, 1, 252, 57),
(1187, 10, 1187, 22, 1015, 2, 0, 17, 19, 15, 1, 17, 8, 1, 160, 47),
(1188, 2, 1188, 11, 587, 1, 0, 5, 23, 11, 1, 10, 8, 0, 195, 39),
(1189, 7, 1189, 2, 1016, 3, 0, 29, 19, 0, 1, 20, 12, 0, 222, 44),
(1190, 5, 1190, 44, 1017, 1, 1, 8, 24, 8, 2, 15, 12, 1, 149, 41),
(1191, 6, 1191, 12, 1018, 3, 0, 14, 14, 16, 2, 20, 9, 0, 225, 40),
(1192, 2, 1192, 30, 213, 3, 0, 32, 28, 9, 2, 20, 12, 1, 166, 66),
(1193, 5, 1193, 36, 285, 2, 1, 10, 24, 17, 2, 23, 15, 0, 267, 54),
(1194, 10, 1194, 18, 1019, 2, 1, 31, 15, 18, 1, 21, 15, 1, 198, 62),
(1195, 4, 1195, 26, 655, 2, 0, 16, 14, 6, 1, 19, 12, 0, 220, 35),
(1196, 9, 1196, 7, 130, 2, 0, 7, 27, 18, 1, 22, 8, 1, 179, 55),
(1197, 6, 1197, 1, 1020, 1, 1, 37, 9, 14, 1, 10, 9, 1, 169, 61),
(1198, 2, 1198, 26, 675, 2, 1, 14, 13, 8, 2, 11, 13, 0, 160, 37),
(1199, 1, 1199, 23, 266, 1, 1, 35, 24, 9, 2, 12, 12, 1, 157, 65),
(1200, 5, 1200, 26, 660, 2, 1, 19, 23, 19, 1, 18, 9, 0, 265, 59);

CREATE OR REPLACE VIEW vw_dataset_prediccion_aulas AS
SELECT
  dm.id_registro,
  p.codigo_periodo AS periodo,
  c.codigo_curso_fuente AS id_curso,
  c.nombre_curso,
  c.ciclo_relativo,
  c.creditos_curso,
  d.id_docente AS docente_id,
  dm.docente_disponible,
  a.codigo_aula_fuente AS aula_id,
  a.capacidad_aula,
  a.pabellon,
  h.horario_seccion,
  dm.alumnos_nuevos,
  dm.alumnos_prerrequisito,
  dm.alumnos_repitentes,
  dm.veces_llevado,
  dm.carga_academica_proyectada,
  c.cursos_comun,
  dm.duracion_semanas,
  dm.laboratorio,
  dm.tiempo_matricula_min,
  dm.alumnos_matriculados
FROM demanda_matricula dm
INNER JOIN periodos p ON p.id_periodo = dm.id_periodo
INNER JOIN cursos c ON c.id_curso_dim = dm.id_curso_dim
INNER JOIN docentes d ON d.id_docente = dm.id_docente
INNER JOIN aulas a ON a.id_aula_dim = dm.id_aula_dim
INNER JOIN horarios h ON h.id_horario = dm.id_horario;

-- Validación rápida esperada: 1200
SELECT COUNT(*) AS total_registros FROM vw_dataset_prediccion_aulas;